State,District,Document Code,Document URL,Date,Title,Description
ANDAMAN AND NICOBAR ISLANDS,NICOBARS,D-DIP0000000692,https://pmksy.gov.in/mis/Uploads/2017/20170116054804936-1.pdf,15 Jan 2017,DIP of Nicobar District,Proposed financial and physical assessment to be undertaken under PMKSY  in 04 Years projects
ANDAMAN AND NICOBAR ISLANDS,NORTH AND MIDDLE ANDAMAN,D-DIP0000000691,https://pmksy.gov.in/mis/Uploads/2017/20170116053849476-1.pdf,15 Jan 2017,DIP of North &amp; Middle Andaman,Proposed financial and physical assessment to be undertaken under PMKSY  in 04 Years projects
ANDAMAN AND NICOBAR ISLANDS,SOUTH ANDAMANS,D-DIP0000000690,https://pmksy.gov.in/mis/Uploads/2017/20170116053101798-1.pdf,04 Oct 2016,DIP of South Andaman,Proposed financial and physical assessment to be undertaken under PMKSY  in 04 Years projects
ANDHRA PRADESH,ANANTAPUR,D-DIP0000000730,https://pmksy.gov.in/mis/Uploads/2017/20170125072923481-1.pdf,25 Jan 2017,DIP Ananthapuramu,DIP Ananthapuramu
ANDHRA PRADESH,CHITTOOR,D-DIP0000000731,https://pmksy.gov.in/mis/Uploads/2017/20170125072923528-2.pdf,25 Jan 2017,DIP Chittoor,DIP Chittoor
ANDHRA PRADESH,EAST GODAVARI,D-DIP0000000735,https://pmksy.gov.in/mis/Uploads/2017/20170125115901932-1.pdf,25 Jan 2017,Andhra Pradesh - East Godavari District -PMKSY DIP,Andhra Pradesh - East Godavari District -PMKSY DIP
ANDHRA PRADESH,GUNTUR,D-DIP0000000732,https://pmksy.gov.in/mis/Uploads/2017/20170125072923559-3.pdf,25 Jan 2017,DIP Guntur,DIP Guntur
ANDHRA PRADESH,KRISHNA,D-DIP0000001209,https://pmksy.gov.in/mis/Uploads/2017/20170314113530562-1.pdf,14 Mar 2017,DIP Krishna,DIP Krishna
ANDHRA PRADESH,KURNOOL,D-DIP0000000734,https://pmksy.gov.in/mis/Uploads/2017/20170125073828648-2.pdf,25 Jan 2017,DIP Kurnool,DIP Kurnool
ANDHRA PRADESH,PRAKASAM,D-DIP0000000835,https://pmksy.gov.in/mis/Uploads/2017/20170201022029744-1.pdf,01 Feb 2017,DIP-Prakasam District,DIP-Prakasam District
ANDHRA PRADESH,SPSR NELLORE,D-DIP0000000736,https://pmksy.gov.in/mis/Uploads/2017/20170125115901963-2.pdf,25 Jan 2017,DIP_Nellore,DIP_Nellore
ANDHRA PRADESH,SRIKAKULAM,D-DIP0000001277,https://pmksy.gov.in/mis/Uploads/2017/20170317110645284-1.pdf,17 Mar 2017,DIP SRIKAKULAM,DIP SRIKAKULAM
ANDHRA PRADESH,VISAKHAPATANAM,D-DIP0000000742,https://pmksy.gov.in/mis/Uploads/2017/20170127060821722-1.pdf,27 Jan 2017,DIP VISAKHAPATANAM,DIP VISAKHAPATANAM
ANDHRA PRADESH,VIZIANAGARAM,D-DIP0000000729,https://pmksy.gov.in/mis/Uploads/2017/20170125034746558-1.pdf,25 Jan 2017,District Irrigation Plan,DIP of Vizianagaram
ANDHRA PRADESH,WEST GODAVARI,D-DIP0000000748,https://pmksy.gov.in/mis/Uploads/2017/20170131102135120-1.pdf,31 Jan 2017,DIP-West Godavari,DIP-West Godavari
ANDHRA PRADESH,Y.S.R.,D-DIP0000000733,https://pmksy.gov.in/mis/Uploads/2017/20170125073828617-1.pdf,25 Jan 2017,DIP YSR Kadapa,DIP YSR Kadapa
ARUNACHAL PRADESH,ANJAW,D-DIP0000001529,https://pmksy.gov.in/mis/Uploads/2017/20170620105544659-1.pdf,20 Jun 2017,DIP ANJAW,DIP ANJAW
ARUNACHAL PRADESH,CHANGLANG,D-DIP0000001458,https://pmksy.gov.in/mis/Uploads/2017/20170505104551586-1.pdf,05 May 2017,DIP_Changlang,DIP_Changlang
ARUNACHAL PRADESH,DIBANG VALLEY,D-DIP0000000694,https://pmksy.gov.in/mis/Uploads/2017/20170118102528685-1.pdf,18 Jan 2017,DIP Dibang Valley,DIP Dibang Valley
ARUNACHAL PRADESH,EAST KAMENG,D-DIP0000001402,https://pmksy.gov.in/mis/Uploads/2017/20170501094431082-1.pdf,01 May 2017,DIP EAST KAMENG,DIP EAST KAMENG
ARUNACHAL PRADESH,EAST SIANG,D-DIP0000000549,https://pmksy.gov.in/mis/Uploads/2016/20161125012216040-1.pdf,25 Nov 2016,Arunachal Pradesh-East Siang,Arunachal Pradesh-East Siang
ARUNACHAL PRADESH,KURUNG KUMEY,D-DIP0000001500,https://pmksy.gov.in/mis/Uploads/2017/20170526123517526-1.pdf,26 May 2017,DIP_Kurungkumey,DIP_Kurungkumey
ARUNACHAL PRADESH,LOHIT,D-DIP0000000698,https://pmksy.gov.in/mis/Uploads/2017/20170120114138540-1.pdf,20 Jan 2017,DIP Lohit AP,DIP Lohit AP
ARUNACHAL PRADESH,LONGDING,D-DIP0000001403,https://pmksy.gov.in/mis/Uploads/2017/20170501094611356-1.pdf,01 May 2017,DIP Longding,DIP Longding
ARUNACHAL PRADESH,LOWER DIBANG VALLEY,D-DIP0000000518,https://pmksy.gov.in/mis/Uploads/2016/20161010053339301-3.pdf,06 Jan 2017,"Lower Dibang Valley, Arunachal Pradesh","Lower Dibang Valley, Arunachal Pradesh"
ARUNACHAL PRADESH,LOWER SUBANSIRI,D-DIP0000000516,https://pmksy.gov.in/mis/Uploads/2016/20161010053338927-1.pdf,10 Oct 2016,Lower Subansiri Arunachal Pradesh,Lower Subansiri Arunachal Pradesh
ARUNACHAL PRADESH,NAMSAI,D-DIP0000000663,https://pmksy.gov.in/mis/Uploads/2017/20170105024523785-1.pdf,05 Jan 2017,Arunachal Pradesh-DIP,Arunachal Pradesh-DIP
ARUNACHAL PRADESH,PAPUM PARE,D-DIP0000000517,https://pmksy.gov.in/mis/Uploads/2016/20161010053339098-2.pdf,10 Oct 2016,"PapumPare, Arunachal Pradesh","PapumPare, Arunachal Pradesh"
ARUNACHAL PRADESH,TAWANG,D-DIP0000001528,https://pmksy.gov.in/mis/Uploads/2017/20170620105415270-1.pdf,20 Jun 2017,DIP Tawang,DIP Tawang
ARUNACHAL PRADESH,TIRAP,D-DIP0000001453,https://pmksy.gov.in/mis/Uploads/2017/20170504011843471-1.pdf,04 May 2017,DIP Tirap,Dip Tirap
ARUNACHAL PRADESH,UPPER SIANG,D-DIP0000001404,https://pmksy.gov.in/mis/Uploads/2017/20170502122115070-1.pdf,02 May 2017,DIP Upper Siang,DIP Upper Siang
ARUNACHAL PRADESH,UPPER SUBANSIRI,D-DIP0000000561,https://pmksy.gov.in/mis/Uploads/2016/20161130020435241-1.pdf,30 Nov 2016,AP-Upper Subansiri,AP-Upper Subansiri
ARUNACHAL PRADESH,WEST KAMENG,D-DIP0000001397,https://pmksy.gov.in/mis/Uploads/2017/20170419035750051-1.pdf,19 Apr 2017,DIP WEST KAMENG,DIP WEST KAMENG
ARUNACHAL PRADESH,WEST SIANG,D-DIP0000000562,https://pmksy.gov.in/mis/Uploads/2016/20161130020435413-2.pdf,30 Nov 2016,AP-West Siang,AP-West Siang
ASSAM,BAKSA,D-DIP0000000494,https://pmksy.gov.in/mis/Uploads/2016/20161003105907831-1.pdf,03 Oct 2016,BAKSA - DIP,Approved DIP
ASSAM,BARPETA,D-DIP0000000507,https://pmksy.gov.in/mis/Uploads/2016/20161004102029721-1.pdf,04 Oct 2016,DIP -Barpeta,Approved DIP
ASSAM,BONGAIGAON,D-DIP0000000498,https://pmksy.gov.in/mis/Uploads/2016/20161003032829941-1.pdf,03 Oct 2016,DIP - Bongaigaon,Approved DIP
ASSAM,CACHAR,D-DIP0000000519,https://pmksy.gov.in/mis/Uploads/2016/20161013035947511-1.pdf,13 Oct 2016,DIP - Cachar,Conditional approved
ASSAM,CHIRANG,D-DIP0000000499,https://pmksy.gov.in/mis/Uploads/2016/20161003033302713-1.pdf,03 Oct 2016,DIP - Chirang,Approved DIP
ASSAM,DARRANG,D-DIP0000000520,https://pmksy.gov.in/mis/Uploads/2016/20161013042150079-1.pdf,13 Oct 2016,DIP - Darrang,Conditionally approved
ASSAM,DHEMAJI,D-DIP0000000528,https://pmksy.gov.in/mis/Uploads/2016/20161025034314159-1.pdf,25 Oct 2016,Approved - Dhemaji,Approved DIP
ASSAM,DHUBRI,D-DIP0000000508,https://pmksy.gov.in/mis/Uploads/2016/20161004104405633-1.pdf,04 Oct 2016,DIP - Dhubri,Approved DIP
ASSAM,DIBRUGARH,D-DIP0000000477,https://pmksy.gov.in/mis/Uploads/2016/20160923055118573-1.pdf,23 Sep 2016,Approved DIP- Dibrugarh,District Irrigation Plan
ASSAM,DIMA HASAO,D-DIP0000000511,https://pmksy.gov.in/mis/Uploads/2016/20161004035128103-1.pdf,04 Oct 2016,DIP _ Dima Hasao,Approved DIP
ASSAM,GOALPARA,D-DIP0000000465,https://pmksy.gov.in/mis/Uploads/2016/20160915043601665-1.pdf,15 Sep 2016,DIP - Goalpara,Approved DIP
ASSAM,GOLAGHAT,D-DIP0000000531,https://pmksy.gov.in/mis/Uploads/2016/20161025043228259-1.pdf,25 Oct 2016,DIP - Golaghat,Approved DIP
ASSAM,HAILAKANDI,D-DIP0000000506,https://pmksy.gov.in/mis/Uploads/2016/20161003054311825-1.pdf,03 Oct 2016,DIP - Hailakandi,Approved DIP
ASSAM,JORHAT,D-DIP0000000509,https://pmksy.gov.in/mis/Uploads/2016/20161004104834422-1.pdf,04 Oct 2016,DIP -Jorhat,Approved DIP
ASSAM,KAMRUP,D-DIP0000000500,https://pmksy.gov.in/mis/Uploads/2016/20161003042121693-1.pdf,03 Oct 2016,DIP - Kamrup,Approved DIP
ASSAM,KAMRUP METRO,D-DIP0000000696,https://pmksy.gov.in/mis/Uploads/2017/20170118011922523-1.pdf,18 Jan 2017,DIP - Kamrup Metro,Approved DIP
ASSAM,KARBI ANGLONG,D-DIP0000000466,https://pmksy.gov.in/mis/Uploads/2016/20160915055131416-1.pdf,15 Sep 2016,DIP - Karbi Anglong,Approved DIP
ASSAM,KARIMGANJ,D-DIP0000000522,https://pmksy.gov.in/mis/Uploads/2016/20161013042738576-1.pdf,13 Oct 2016,DIP - Karimganj,Approved DIP
ASSAM,KOKRAJHAR,D-DIP0000000478,https://pmksy.gov.in/mis/Uploads/2016/20160923060042851-1.pdf,23 Sep 2016,DIP - Kokrajhar,District Irrigation Plan
ASSAM,LAKHIMPUR,D-DIP0000000529,https://pmksy.gov.in/mis/Uploads/2016/20161025040453077-1.pdf,25 Oct 2016,DIP - Lakhimpur,Approved DIP
ASSAM,MARIGAON,D-DIP0000000503,https://pmksy.gov.in/mis/Uploads/2016/20161003043952933-1.pdf,03 Oct 2016,DIP - Morigaon,Approved DIP
ASSAM,NAGAON,D-DIP0000000512,https://pmksy.gov.in/mis/Uploads/2016/20161004040934154-1.pdf,04 Oct 2016,DIP - Nagaon,Approved DIP
ASSAM,NALBARI,D-DIP0000000455,https://pmksy.gov.in/mis/Uploads/2016/20160914014509824-1.pdf,14 Sep 2016,DIP - Nalbari,Approved DIP
ASSAM,SIVASAGAR,D-DIP0000000469,https://pmksy.gov.in/mis/Uploads/2016/20160919060442074-1.pdf,19 Sep 2016,DIP - Sibsagar,Approved DIP
ASSAM,SONITPUR,D-DIP0000000472,https://pmksy.gov.in/mis/Uploads/2016/20160922035220739-1.pdf,22 Sep 2016,Sonitpur,DIP
ASSAM,TINSUKIA,D-DIP0000000448,https://pmksy.gov.in/mis/Uploads/2016/20160909111141623-1.pdf,09 Sep 2016,DIP - Tinsukia,Approved DIP
ASSAM,UDALGURI,D-DIP0000000530,https://pmksy.gov.in/mis/Uploads/2016/20161025042202025-1.pdf,25 Oct 2016,DIP - Udalguri,Approved DIP
BIHAR,ARARIA,D-DIP0000000932,https://pmksy.gov.in/mis/Uploads/2017/20170216055605122-1.pdf,16 Feb 2017,DIP(PMKSY),District Irrigation Plan
BIHAR,ARWAL,D-DIP0000000885,https://pmksy.gov.in/mis/Uploads/2017/20170213030008344-1.pdf,13 Feb 2017,DIP(PMKSY),District Irrigation Plan
BIHAR,AURANGABAD,D-DIP0000000919,https://pmksy.gov.in/mis/Uploads/2017/20170216104938937-1.pdf,16 Feb 2017,BiharDIPAurangabad,BiharDIPAurangabad
BIHAR,BANKA,D-DIP0000000877,https://pmksy.gov.in/mis/Uploads/2017/20170206043600621-1.pdf,06 Feb 2017,DIP (PMKSY),District irrigation plan
BIHAR,BEGUSARAI,D-DIP0000000886,https://pmksy.gov.in/mis/Uploads/2017/20170213031257609-1.pdf,13 Feb 2017,DIP(PMKSY),District Irrigation Plan
BIHAR,BHAGALPUR,D-DIP0000000874,https://pmksy.gov.in/mis/Uploads/2017/20170206125035264-1.pdf,06 Feb 2017,DIP (PMKSY),District irrigation plan BHAGALPUR
BIHAR,BHOJPUR,D-DIP0000000922,https://pmksy.gov.in/mis/Uploads/2017/20170216121617571-1.pdf,16 Feb 2017,DIP(PMKSY),District Irrigation Plan
BIHAR,BUXAR,D-DIP0000000921,https://pmksy.gov.in/mis/Uploads/2017/20170216111835809-1.pdf,16 Feb 2017,BiharDIPBuxar,BiharDIPBuxar
BIHAR,DARBHANGA,D-DIP0000000902,https://pmksy.gov.in/mis/Uploads/2017/20170214063347740-1.pdf,14 Feb 2017,DIP(PMKSY),District Irrigation Plan
BIHAR,GAYA,D-DIP0000000891,https://pmksy.gov.in/mis/Uploads/2017/20170213040111163-1.pdf,13 Feb 2017,DIP (PMKSY),District Irrigation Plan
BIHAR,GOPALGANJ,D-DIP0000000951,https://pmksy.gov.in/mis/Uploads/2017/20170220045842417-1.pdf,20 Feb 2017,DIP(PMKSY),District Irrigation Plan
BIHAR,JAMUI,D-DIP0000000920,https://pmksy.gov.in/mis/Uploads/2017/20170216105850890-1.pdf,16 Feb 2017,BiharDIPJamui,BiharDIPJamui
BIHAR,JEHANABAD,D-DIP0000000967,https://pmksy.gov.in/mis/Uploads/2017/20170221041928086-1.pdf,21 Feb 2017,DIP(PMKSY),District Irrigation Plan
BIHAR,KAIMUR (BHABUA),D-DIP0000000893,https://pmksy.gov.in/mis/Uploads/2017/20170213071304991-1.pdf,13 Feb 2017,DIP (PMKSY),District irrigation plan
BIHAR,KATIHAR,D-DIP0000000901,https://pmksy.gov.in/mis/Uploads/2017/20170214032731744-1.pdf,14 Feb 2017,DIP(PMKSY),District Irrigation Plan
BIHAR,KHAGARIA,D-DIP0000000876,https://pmksy.gov.in/mis/Uploads/2017/20170206022319459-1.pdf,06 Feb 2017,DIP (PMKSY),District irrigation plan
BIHAR,KISHANGANJ,D-DIP0000000933,https://pmksy.gov.in/mis/Uploads/2017/20170217121019741-1.pdf,17 Feb 2017,BiharDIPKishanganj,BiharDIPKishanganj
BIHAR,LAKHISARAI,D-DIP0000000903,https://pmksy.gov.in/mis/Uploads/2017/20170215113558927-1.pdf,15 Feb 2017,DIP(PMKSY),District Irrigation Plan
BIHAR,MADHEPURA,D-DIP0000000942,https://pmksy.gov.in/mis/Uploads/2017/20170217051015447-1.pdf,17 Feb 2017,DIP(PMKSY),District Irrigation Plan
BIHAR,MADHUBANI,D-DIP0000000861,https://pmksy.gov.in/mis/Uploads/2017/20170203043028397-1.pdf,03 Feb 2017,DIP Madhubani,DIP Madhubani
BIHAR,MUNGER,D-DIP0000000894,https://pmksy.gov.in/mis/Uploads/2017/20170214103946945-1.pdf,14 Feb 2017,DIP (PMKSY),District irrigation plan
BIHAR,MUZAFFARPUR,D-DIP0000000699,https://pmksy.gov.in/mis/Uploads/2017/20170120013617698-1.pdf,20 Jan 2017,DIP,District Irrigation Plan
BIHAR,NALANDA,D-DIP0000000881,https://pmksy.gov.in/mis/Uploads/2017/20170207025520536-1.pdf,07 Feb 2017,DIP (PMKSY),District irrigation plan
BIHAR,NAWADA,D-DIP0000000878,https://pmksy.gov.in/mis/Uploads/2017/20170207112552333-1.pdf,07 Feb 2017,DIP (PMKSY),District irrigation plan
BIHAR,PASHCHIM CHAMPARAN,D-DIP0000000936,https://pmksy.gov.in/mis/Uploads/2017/20170217014355982-1.pdf,17 Feb 2017,DIP(PMKSY),District Irrigation Plan
BIHAR,PATNA,D-DIP0000000956,https://pmksy.gov.in/mis/Uploads/2017/20170220060215340-1.pdf,20 Feb 2017,DIP(PMKSY),District Irrigation Plan
BIHAR,PURBI CHAMPARAN,D-DIP0000000957,https://pmksy.gov.in/mis/Uploads/2017/20170221111133270-1.pdf,21 Feb 2017,DIP(PMKSY),District Irrigation Plan
BIHAR,PURNIA,D-DIP0000000935,https://pmksy.gov.in/mis/Uploads/2017/20170217011105371-1.pdf,17 Feb 2017,DIP(PMKSY),District Irrigation Plan
BIHAR,ROHTAS,D-DIP0000000923,https://pmksy.gov.in/mis/Uploads/2017/20170216122410618-1.pdf,16 Feb 2017,DIP(PMKSY),District Irrigation Plan
BIHAR,SAHARSA,D-DIP0000000854,https://pmksy.gov.in/mis/Uploads/2017/20170202053654957-1.pdf,06 Feb 2017,DIP (PMKSY),District irrigation plan saharsa
BIHAR,SAMASTIPUR,D-DIP0000000749,https://pmksy.gov.in/mis/Uploads/2017/20170131011446973-1.docx,31 Jan 2017,DIP (PMKSY),District irrigation plan
BIHAR,SARAN,D-DIP0000000924,https://pmksy.gov.in/mis/Uploads/2017/20170216014058854-1.pdf,16 Feb 2017,DIP(PMKSY),District Irrigation Plan
BIHAR,SHEIKHPURA,D-DIP0000000976,https://pmksy.gov.in/mis/Uploads/2017/20170222104734196-1.pdf,22 Feb 2017,DIP (PMKSY),District irrigation plan
BIHAR,SHEOHAR,D-DIP0000000879,https://pmksy.gov.in/mis/Uploads/2017/20170207121231240-1.pdf,07 Feb 2017,DIP (PMKSY),District irrigation plan
BIHAR,SITAMARHI,D-DIP0000000855,https://pmksy.gov.in/mis/Uploads/2017/20170202053739699-1.pdf,02 Feb 2017,DIP Sitamarhi,DIP Sitamarhi
BIHAR,SIWAN,D-DIP0000000968,https://pmksy.gov.in/mis/Uploads/2017/20170221043954401-1.pdf,21 Feb 2017,DIP(PMKSY),District Irrigation Plan
BIHAR,SUPAUL,D-DIP0000000953,https://pmksy.gov.in/mis/Uploads/2017/20170220052100600-1.pdf,20 Feb 2017,DIP(PMKSY),District Irrigation Plan
BIHAR,VAISHALI,D-DIP0000000700,https://pmksy.gov.in/mis/Uploads/2017/20170120045727230-1.pdf,20 Jan 2017,DIP(PMKSY),District Irrigation Plan
CHHATTISGARH,BALOD,D-DIP0000000123,https://pmksy.gov.in/mis/Uploads/2016/20160506112605243-1.pdf,06 May 2016,Chhattisgaarh_Balod,Balod_DIP
CHHATTISGARH,BALODA BAZAR,D-DIP0000000106,https://pmksy.gov.in/mis/Uploads/2016/20160505045204960-1.pdf,05 May 2016,Chhattisgarh_Balodabazar,Balodabazar_DIP
CHHATTISGARH,BALRAMPUR,D-DIP0000000107,https://pmksy.gov.in/mis/Uploads/2016/20160505045839066-1.pdf,05 May 2016,Chhattisgarh_Balrampur,Balrampur_DIP
CHHATTISGARH,BASTAR,D-DIP0000000103,https://pmksy.gov.in/mis/Uploads/2016/20160505042447427-1.pdf,05 May 2016,Chhattisgarh_Bastar,Bastar_DIP
CHHATTISGARH,BEMETARA,D-DIP0000000111,https://pmksy.gov.in/mis/Uploads/2016/20160505052750995-1.pdf,05 May 2016,Chhattisgarh_Bemetara,Bemetara_DIP
CHHATTISGARH,BIJAPUR,D-DIP0000000124,https://pmksy.gov.in/mis/Uploads/2016/20160506112809374-1.pdf,06 May 2016,Chhattisgarh_Bijapur,Bijapur_DIP
CHHATTISGARH,BILASPUR,D-DIP0000000104,https://pmksy.gov.in/mis/Uploads/2016/20160505043110052-1.pdf,05 May 2016,Chhattisgarh_Bilaspur,Bilaspur_DIP
CHHATTISGARH,DANTEWADA,D-DIP0000000120,https://pmksy.gov.in/mis/Uploads/2016/20160505062247527-1.pdf,05 May 2016,Chhattisgarh_Dantewada,Dantewada_DIP
CHHATTISGARH,DHAMTARI,D-DIP0000000125,https://pmksy.gov.in/mis/Uploads/2016/20160506112948138-1.pdf,06 May 2016,Chhattisgarh_Dhamtari,Dhamtari_DIP
CHHATTISGARH,DURG,D-DIP0000000108,https://pmksy.gov.in/mis/Uploads/2016/20160505051054052-1.pdf,05 May 2016,Chhattisgarh_Durg,Durg_DIP
CHHATTISGARH,GARIYABAND,D-DIP0000000109,https://pmksy.gov.in/mis/Uploads/2016/20160505051504684-1.pdf,05 May 2016,Chhattisgarh_Gariyaband,Gariyaband_DIP
CHHATTISGARH,JANJGIR-CHAMPA,D-DIP0000000110,https://pmksy.gov.in/mis/Uploads/2016/20160505051814273-1.pdf,05 May 2016,Chhattisgarh_Janjgir-Champa,Janjgir-Champa_DIP
CHHATTISGARH,JASHPUR,D-DIP0000000130,https://pmksy.gov.in/mis/Uploads/2016/20160506011558323-1.pdf,06 May 2016,Chhattisgarh_Jashpur,Jashpur_DIP
CHHATTISGARH,KABIRDHAM,D-DIP0000000126,https://pmksy.gov.in/mis/Uploads/2016/20160506113106092-1.pdf,06 May 2016,Chhattisgaarh_Kabirdham,Kabirdham_DIP
CHHATTISGARH,KANKER,D-DIP0000000127,https://pmksy.gov.in/mis/Uploads/2016/20160506113214015-1.pdf,06 May 2016,Chhattisgaarh_Kanker,Kanker_DIP
CHHATTISGARH,KONDAGAON,D-DIP0000000113,https://pmksy.gov.in/mis/Uploads/2016/20160505060202572-1.pdf,05 May 2016,Chhattisgarh_Kondagaon,Kondagaon_DIP
CHHATTISGARH,KORBA,D-DIP0000000114,https://pmksy.gov.in/mis/Uploads/2016/20160505060349246-1.pdf,05 May 2016,Chhattisgarh_Korba,Korba_DIP
CHHATTISGARH,KOREA,D-DIP0000000115,https://pmksy.gov.in/mis/Uploads/2016/20160505060450087-1.pdf,05 May 2016,Chhattisgarh_Korea,Korea_DIP
CHHATTISGARH,MAHASAMUND,D-DIP0000000119,https://pmksy.gov.in/mis/Uploads/2016/20160505061208015-1.pdf,05 May 2016,Chhattisgarh_Mahasamund,Mahasamund_DIP
CHHATTISGARH,MUNGELI,D-DIP0000000121,https://pmksy.gov.in/mis/Uploads/2016/20160505062541344-1.pdf,05 May 2016,Chhattisgarh_Mungeli,Mungeli_DIP
CHHATTISGARH,NARAYANPUR,D-DIP0000000129,https://pmksy.gov.in/mis/Uploads/2016/20160506124059431-1.pdf,06 May 2016,Chhattisgarh_Narayanpur,Narayanpur_DIP
CHHATTISGARH,RAIGARH,D-DIP0000000131,https://pmksy.gov.in/mis/Uploads/2016/20160506012233553-1.pdf,06 May 2016,Chhattisgarh_Raigarh,Raigarh_DIP
CHHATTISGARH,RAIPUR,D-DIP0000000112,https://pmksy.gov.in/mis/Uploads/2016/20160505055707729-1.pdf,05 May 2016,Chhattisgarh_Raipur,Raipur_DIP
CHHATTISGARH,RAJNANDGAON,D-DIP0000000128,https://pmksy.gov.in/mis/Uploads/2016/20160506123847094-1.pdf,06 May 2016,Chhattisgarh_Rajnandgaon,Rajnandgaon_DIP
CHHATTISGARH,SUKMA,D-DIP0000000105,https://pmksy.gov.in/mis/Uploads/2016/20160505043209223-1.pdf,05 May 2016,Chhattisgarh_Sukma,Sukma_DIP
CHHATTISGARH,SURAJPUR,D-DIP0000000117,https://pmksy.gov.in/mis/Uploads/2016/20160505060759395-1.pdf,05 May 2016,Chhattisgarh_Surajpur,Surajpur_DIP
CHHATTISGARH,SURGUJA,D-DIP0000000118,https://pmksy.gov.in/mis/Uploads/2016/20160505061040217-1.pdf,05 May 2016,Chhattisgarh_Surguja,Surguja_DIP
DADRA AND NAGAR HAVELI,DADRA AND NAGAR HAVELI,D-DIP0000001738,https://pmksy.gov.in/mis/Uploads/2018/20180827035240951-1.pdf,27 Aug 2018,Dadra and Nagar Haveli-DIP,Dadra and Nagar Haveli-DIP
DAMAN AND DIU,DAMAN,D-DIP0000001757,https://pmksy.gov.in/mis/Uploads/2018/20181221031649926-1.pdf,21 Dec 2018,District Irrigation Plan,Daman DIP
DAMAN AND DIU,DIU,D-DIP0000001758,https://pmksy.gov.in/mis/Uploads/2018/20181221031721266-1.pdf,21 Dec 2018,District Irrigation Plan,Diu DIP
GOA,NORTH GOA,D-DIP0000000572,https://pmksy.gov.in/mis/Uploads/2016/20161202065203121-1.pdf,02 Dec 2016,NORTH GOA DISTRICT,NORTH GOA DISTRICT
GOA,SOUTH GOA,D-DIP0000000573,https://pmksy.gov.in/mis/Uploads/2016/20161202065203199-2.pdf,02 Dec 2016,SOUTH GOA DISTRICT,SOUTH GOA DISTRICT
GUJARAT,AHMADABAD,D-DIP0000000359,https://pmksy.gov.in/mis/Uploads/2016/20160816033430838-1.pdf,16 Aug 2016,District Irrigation Plan,Ahmedabad Dist. Gujarat
GUJARAT,AMRELI,D-DIP0000000360,https://pmksy.gov.in/mis/Uploads/2016/20160816033545641-1.pdf,16 Aug 2016,District Irrigation Plan,Amreli Dist. Gujarat
GUJARAT,ANAND,D-DIP0000000361,https://pmksy.gov.in/mis/Uploads/2016/20160816033630850-1.pdf,16 Aug 2016,District Irrigation Plan,Anandi Dist. Gujarat
GUJARAT,ARVALLI,D-DIP0000000391,https://pmksy.gov.in/mis/Uploads/2016/20160816053515256-1.pdf,16 Aug 2016,District Irrigation Plan,Aravalli Dist. Gujarat
GUJARAT,BANAS KANTHA,D-DIP0000000371,https://pmksy.gov.in/mis/Uploads/2016/20160816041432327-1.pdf,16 Aug 2016,District Irrigation Plan,Banaskantha Dist. Gujarat
GUJARAT,BHARUCH,D-DIP0000000362,https://pmksy.gov.in/mis/Uploads/2016/20160816034433098-1.pdf,16 Aug 2016,District Irrigation Plan,Bharuch Dist. Gujarat
GUJARAT,BHAVNAGAR,D-DIP0000000369,https://pmksy.gov.in/mis/Uploads/2016/20160816041116779-1.pdf,16 Aug 2016,District Irrigation Plan,Bhavnagar Dist. Gujarat
GUJARAT,BOTAD,D-DIP0000000382,https://pmksy.gov.in/mis/Uploads/2016/20160816050226344-1.pdf,16 Aug 2016,District Irrigation Plan,Morbi Dist. Gujarat
GUJARAT,CHHOTAUDEPUR,D-DIP0000000372,https://pmksy.gov.in/mis/Uploads/2016/20160816041641652-1.pdf,16 Aug 2016,District Irrigation Plan,Chhotaudepur Dist. Gujarat
GUJARAT,DANG,D-DIP0000000363,https://pmksy.gov.in/mis/Uploads/2016/20160816034608743-1.pdf,16 Aug 2016,District Irrigation Plan,Dang Dist. Gujarat
GUJARAT,DEVBHUMI DWARKA,D-DIP0000000374,https://pmksy.gov.in/mis/Uploads/2016/20160816042227242-1.pdf,16 Aug 2016,District Irrigation Plan,Devbhumi Dwarka Dist. Gujarat
GUJARAT,DOHAD,D-DIP0000000404,https://pmksy.gov.in/mis/Uploads/2016/20160825013333304-1.pdf,16 Aug 2016,District Irrigation Plan,Dahod Dist. Gujarat
GUJARAT,GANDHINAGAR,D-DIP0000000375,https://pmksy.gov.in/mis/Uploads/2016/20160816043406332-1.pdf,16 Aug 2016,District Irrigation Plan,Gandhinagar Dist. Gujarat
GUJARAT,GIR SOMNATH,D-DIP0000000370,https://pmksy.gov.in/mis/Uploads/2016/20160816041210740-1.pdf,16 Aug 2016,District Irrigation Plan,Botad Dist. Gujarat
GUJARAT,JAMNAGAR,D-DIP0000000377,https://pmksy.gov.in/mis/Uploads/2016/20160816043726654-1.pdf,16 Aug 2016,District Irrigation Plan,Jamnagar Dist. Gujarat
GUJARAT,JUNAGADH,D-DIP0000000378,https://pmksy.gov.in/mis/Uploads/2016/20160816044104401-1.pdf,16 Aug 2016,District Irrigation Plan,Junagadh Dist. Gujarat
GUJARAT,KACHCHH,D-DIP0000000380,https://pmksy.gov.in/mis/Uploads/2016/20160816045140310-1.pdf,16 Aug 2016,District Irrigation Plan,Kutch Dist. Gujarat
GUJARAT,KHEDA,D-DIP0000000379,https://pmksy.gov.in/mis/Uploads/2016/20160816044325879-1.pdf,16 Aug 2016,District Irrigation Plan,Kheda Dist. Gujarat
GUJARAT,MAHESANA,D-DIP0000000392,https://pmksy.gov.in/mis/Uploads/2016/20160816053756046-1.pdf,16 Aug 2016,District Irrigation Plan,Mehsana Dist. Gujarat
GUJARAT,Mahisagar,D-DIP0000000397,https://pmksy.gov.in/mis/Uploads/2016/20160819065602875-1.pdf,19 Aug 2016,District Irrigation Plan,Mahisagar Dist. Gujarat
GUJARAT,MORBI,D-DIP0000000376,https://pmksy.gov.in/mis/Uploads/2016/20160816043504427-1.pdf,16 Aug 2016,District Irrigation Plan,Gir Somnath Dist. Gujarat
GUJARAT,NARMADA,D-DIP0000000364,https://pmksy.gov.in/mis/Uploads/2016/20160816034837069-1.pdf,16 Aug 2016,District Irrigation Plan,Narmada Dist. Gujarat
GUJARAT,NAVSARI,D-DIP0000000398,https://pmksy.gov.in/mis/Uploads/2016/20160819065853993-1.pdf,16 Aug 2016,District Irrigation Plan,Navsari Dist. Gujarat
GUJARAT,PANCH MAHALS,D-DIP0000000383,https://pmksy.gov.in/mis/Uploads/2016/20160816050431192-1.pdf,16 Aug 2016,District Irrigation Plan,Panchmahal Dist. Gujarat
GUJARAT,PATAN,D-DIP0000000384,https://pmksy.gov.in/mis/Uploads/2016/20160816050630502-1.pdf,16 Aug 2016,District Irrigation Plan,Patan Dist. Gujarat
GUJARAT,PORBANDAR,D-DIP0000000385,https://pmksy.gov.in/mis/Uploads/2016/20160816050815741-1.pdf,16 Aug 2016,District Irrigation Plan,Porbandar Dist. Gujarat
GUJARAT,RAJKOT,D-DIP0000000386,https://pmksy.gov.in/mis/Uploads/2016/20160816051209369-1.pdf,16 Aug 2016,District Irrigation Plan,Rajkot Dist. Gujarat
GUJARAT,SABAR KANTHA,D-DIP0000000387,https://pmksy.gov.in/mis/Uploads/2016/20160816051410660-1.pdf,16 Aug 2016,District Irrigation Plan,Sabarkantha Dist. Gujarat
GUJARAT,SURAT,D-DIP0000000366,https://pmksy.gov.in/mis/Uploads/2016/20160816035821295-1.pdf,16 Aug 2016,District Irrigation Plan,Surat Dist. Gujarat
GUJARAT,SURENDRANAGAR,D-DIP0000000388,https://pmksy.gov.in/mis/Uploads/2016/20160816051601203-1.pdf,16 Aug 2016,District Irrigation Plan,Surendranagar Dist. Gujarat
GUJARAT,TAPI,D-DIP0000000367,https://pmksy.gov.in/mis/Uploads/2016/20160816035927268-1.pdf,16 Aug 2016,District Irrigation Plan,Tapi Dist. Gujarat
GUJARAT,VADODARA,D-DIP0000000389,https://pmksy.gov.in/mis/Uploads/2016/20160816052238211-1.pdf,16 Aug 2016,District Irrigation Plan,Vadodara Dist. Gujarat
GUJARAT,VALSAD,D-DIP0000000368,https://pmksy.gov.in/mis/Uploads/2016/20160816040039497-1.pdf,16 Aug 2016,District Irrigation Plan,Valsad Dist. Gujarat
HARYANA,AMBALA,D-DIP0000001407,https://pmksy.gov.in/mis/Uploads/2017/20170502060429758-3.pdf,02 May 2017,Ambala-DIP,Ambala-DIP
HARYANA,BHIWANI,D-DIP0000001412,https://pmksy.gov.in/mis/Uploads/2017/20170502061118805-3.pdf,02 May 2017,Bhiwani-DIP,Bhiwani-DIP
HARYANA,FARIDABAD,D-DIP0000001408,https://pmksy.gov.in/mis/Uploads/2017/20170502060429789-4.pdf,02 May 2017,Faridabad-DIP,Faridabad-DIP
HARYANA,FATEHABAD,D-DIP0000001409,https://pmksy.gov.in/mis/Uploads/2017/20170502060429820-5.pdf,02 May 2017,Fatehabad-DIP,Fatehabad-DIP
HARYANA,GURUGRAM,D-DIP0000001415,https://pmksy.gov.in/mis/Uploads/2017/20170502061350172-1.pdf,02 May 2017,Gurugram-DIP,Gurugram-DIP
HARYANA,HISAR,D-DIP0000001416,https://pmksy.gov.in/mis/Uploads/2017/20170502061350203-2.pdf,02 May 2017,Hisar-DIP,Hisar-DIP
HARYANA,JHAJJAR,D-DIP0000001413,https://pmksy.gov.in/mis/Uploads/2017/20170502061118852-4.pdf,02 May 2017,Jhajjar-DIP,Jhajjar-DIP
HARYANA,JIND,D-DIP0000001417,https://pmksy.gov.in/mis/Uploads/2017/20170502061350250-3.pdf,02 May 2017,Jind-DIP,Jind-DIP
HARYANA,KAITHAL,D-DIP0000001418,https://pmksy.gov.in/mis/Uploads/2017/20170502061350281-4.pdf,02 May 2017,Kaithal-DIP,Kaithal-DIP
HARYANA,KARNAL,D-DIP0000001410,https://pmksy.gov.in/mis/Uploads/2017/20170502061118743-1.pdf,02 May 2017,Karnal-DIP,Karnal-DIP
HARYANA,KURUKSHETRA,D-DIP0000001419,https://pmksy.gov.in/mis/Uploads/2017/20170502061350328-5.pdf,02 May 2017,Kurukshetra-DIP,Kurukshetra-DIP
HARYANA,MAHENDRAGARH,D-DIP0000001420,https://pmksy.gov.in/mis/Uploads/2017/20170502061350359-6.pdf,02 May 2017,Mahendragarh-DIP,Mahendragarh-DIP
HARYANA,NUH,D-DIP0000001428,https://pmksy.gov.in/mis/Uploads/2017/20170503034403199-1.pdf,03 May 2017,Nuh-DIP,Nuh-DIP
HARYANA,PALWAL,D-DIP0000001422,https://pmksy.gov.in/mis/Uploads/2017/20170502061625798-2.pdf,02 May 2017,Palwal-DIP,Palwal-DIP
HARYANA,PANCHKULA,D-DIP0000001423,https://pmksy.gov.in/mis/Uploads/2017/20170502061625829-3.pdf,02 May 2017,Panchkula-DIP,Panchkula-DIP
HARYANA,PANIPAT,D-DIP0000001405,https://pmksy.gov.in/mis/Uploads/2017/20170502060429696-1.pdf,02 May 2017,Panipat-DIP,Panipat-DIP
HARYANA,REWARI,D-DIP0000001414,https://pmksy.gov.in/mis/Uploads/2017/20170502061118883-5.pdf,02 May 2017,Rewari-DIP,Rewari-DIP
HARYANA,ROHTAK,D-DIP0000001411,https://pmksy.gov.in/mis/Uploads/2017/20170502061118774-2.pdf,02 May 2017,Rohtak-DIP,Rohtak-DIP
HARYANA,SIRSA,D-DIP0000001424,https://pmksy.gov.in/mis/Uploads/2017/20170502061625860-4.pdf,02 May 2017,Sirsa-DIP,Sirsa-DIP
HARYANA,SONIPAT,D-DIP0000001406,https://pmksy.gov.in/mis/Uploads/2017/20170502060429727-2.pdf,02 May 2017,Sonipat-DIP,Sonipat-DIP
HARYANA,YAMUNANAGAR,D-DIP0000001425,https://pmksy.gov.in/mis/Uploads/2017/20170502061625907-5.pdf,02 May 2017,Yamunanagar-DIP,Yamunanagar-DIP
HIMACHAL PRADESH,BILASPUR,D-DIP0000000294,https://pmksy.gov.in/mis/Uploads/2016/20160725100952596-1.pdf,25 Jul 2016,DIP-Bilaspur,DIP-Bilaspur New
HIMACHAL PRADESH,CHAMBA,D-DIP0000000584,https://pmksy.gov.in/mis/Uploads/2016/20161209111131968-2.pdf,09 Dec 2016,DIP Chamba,DIP Chamba
HIMACHAL PRADESH,HAMIRPUR,D-DIP0000000295,https://pmksy.gov.in/mis/Uploads/2016/20160725100952627-2.pdf,25 Jul 2016,DIP-Hamirpur,DIP-Hamirpur New
HIMACHAL PRADESH,KANGRA,D-DIP0000000296,https://pmksy.gov.in/mis/Uploads/2016/20160725100952643-3.pdf,25 Jul 2016,DIP-Kangra,DIP-Kangra New
HIMACHAL PRADESH,KINNAUR,D-DIP0000000301,https://pmksy.gov.in/mis/Uploads/2016/20160725100952877-8.pdf,25 Jul 2016,DIP-Kinnaur,DIP-Kinnaur New
HIMACHAL PRADESH,KULLU,D-DIP0000000585,https://pmksy.gov.in/mis/Uploads/2016/20161209111132014-3.pdf,09 Dec 2016,DIP Kullu,DIP Kullu
HIMACHAL PRADESH,LAHUL AND SPITI,D-DIP0000000298,https://pmksy.gov.in/mis/Uploads/2016/20160725100952737-5.pdf,25 Jul 2016,DIP-Lahaul and Spiti,DIP-Lahaul and Spiti New
HIMACHAL PRADESH,MANDI,D-DIP0000000299,https://pmksy.gov.in/mis/Uploads/2016/20160725100952768-6.pdf,25 Jul 2016,DIP-Mandi,DIP-Mandi New
HIMACHAL PRADESH,SHIMLA,D-DIP0000000302,https://pmksy.gov.in/mis/Uploads/2016/20160725100952939-9.pdf,25 Jul 2016,DIP-Shimla,DIP-Shimla New
HIMACHAL PRADESH,SIRMAUR,D-DIP0000000583,https://pmksy.gov.in/mis/Uploads/2016/20161209111131952-1.pdf,09 Dec 2016,DIP Sirmour,DIP Sirmour
HIMACHAL PRADESH,SOLAN,D-DIP0000000265,https://pmksy.gov.in/mis/Uploads/2016/20160720090930250-1.pdf,20 Jul 2016,DIP,Solan
HIMACHAL PRADESH,UNA,D-DIP0000000300,https://pmksy.gov.in/mis/Uploads/2016/20160725100952830-7.pdf,25 Jul 2016,DIP-Una,DIP-Una New
JAMMU AND KASHMIR,ANANTNAG,D-DIP0000000425,https://pmksy.gov.in/mis/Uploads/2016/20160905115108639-1.pdf,05 Sep 2016,DIP Anantnag,District Irrigatiion PLan
JAMMU AND KASHMIR,BANDIPORA,D-DIP0000000423,https://pmksy.gov.in/mis/Uploads/2016/20160905113633537-1.pdf,05 Sep 2016,DIP Bandipora,District Irrigatiion PLan
JAMMU AND KASHMIR,BARAMULLA,D-DIP0000000277,https://pmksy.gov.in/mis/Uploads/2016/20160721010745027-1.pdf,21 Jul 2016,DIP Baramulla,District Irrigatiion PLan
JAMMU AND KASHMIR,Budgam,D-DIP0000000421,https://pmksy.gov.in/mis/Uploads/2016/20160905111556639-1.pdf,05 Sep 2016,DIP Budgam,District Irrigatiion PLan
JAMMU AND KASHMIR,DODA,D-DIP0000000232,https://pmksy.gov.in/mis/Uploads/2016/20160629101113224-1.pdf,29 Jun 2016,District Irrigation Plan,Doda J&amp;K
JAMMU AND KASHMIR,GANDERBAL,D-DIP0000000242,https://pmksy.gov.in/mis/Uploads/2016/20160705095123950-1.pdf,05 Jul 2016,DIP Ganderbal,District Irrigation Plan Ganderbal
JAMMU AND KASHMIR,JAMMU,D-DIP0000000215,https://pmksy.gov.in/mis/Uploads/2016/20160623105333725-1.pdf,23 Jun 2016,DIP Jammu,District Irrigation Plan Jammu
JAMMU AND KASHMIR,KATHUA,D-DIP0000000239,https://pmksy.gov.in/mis/Uploads/2016/20160702125151146-1.pdf,02 Jul 2016,DIP Kathua,District Irrigation Plan Kathua
JAMMU AND KASHMIR,KISHTWAR,D-DIP0000000230,https://pmksy.gov.in/mis/Uploads/2016/20160628061050793-1.pdf,28 Jun 2016,DIP Kishtwar,District Irrigation Plan Kishtwar
JAMMU AND KASHMIR,KULGAM,D-DIP0000000424,https://pmksy.gov.in/mis/Uploads/2016/20160905114410729-1.pdf,05 Sep 2016,DIP Kulgam,District Irrigatiion PLan
JAMMU AND KASHMIR,KUPWARA,D-DIP0000000245,https://pmksy.gov.in/mis/Uploads/2016/20160705110138177-1.pdf,05 Jul 2016,DIP Kupwara,District Irrigation Plan Kupwara
JAMMU AND KASHMIR,POONCH,D-DIP0000000233,https://pmksy.gov.in/mis/Uploads/2016/20160629101217465-1.pdf,29 Jun 2016,District Irrigation Plan,Poonch J&amp;K
JAMMU AND KASHMIR,PULWAMA,D-DIP0000000420,https://pmksy.gov.in/mis/Uploads/2016/20160905111225274-1.pdf,05 Sep 2016,DIP Pulwama,District Irrigatiion PLan
JAMMU AND KASHMIR,RAJOURI,D-DIP0000000234,https://pmksy.gov.in/mis/Uploads/2016/20160629101608628-1.pdf,29 Jun 2016,Distt Irrigation Plan,Rajouri J&amp;K
JAMMU AND KASHMIR,RAMBAN,D-DIP0000000236,https://pmksy.gov.in/mis/Uploads/2016/20160629103845140-1.pdf,29 Jun 2016,District Irrigation Plan,Ramban
JAMMU AND KASHMIR,REASI,D-DIP0000000225,https://pmksy.gov.in/mis/Uploads/2016/20160627104225447-1.pdf,27 Jun 2016,DIP Reasi,District Irrigation Plan Reasi
JAMMU AND KASHMIR,SAMBA,D-DIP0000000248,https://pmksy.gov.in/mis/Uploads/2016/20160712124244322-1.pdf,12 Jul 2016,DIP Samba,District Irrigatiion PLan
JAMMU AND KASHMIR,SHOPIAN,D-DIP0000000244,https://pmksy.gov.in/mis/Uploads/2016/20160705105858291-1.pdf,05 Jul 2016,DIP Shopian,District Irrigation Plan Shopian
JAMMU AND KASHMIR,SRINAGAR,D-DIP0000000419,https://pmksy.gov.in/mis/Uploads/2016/20160905110904673-1.pdf,05 Sep 2016,DIP Srinagar,District Irrigatiion PLan
JAMMU AND KASHMIR,UDHAMPUR,D-DIP0000000216,https://pmksy.gov.in/mis/Uploads/2016/20160623105813451-1.pdf,23 Jun 2016,DIP Udhampur,District Irrigation Plan Udhampur
JHARKHAND,BOKARO,D-DIP0000000960,https://pmksy.gov.in/mis/Uploads/2017/20170221124204004-1.pdf,30 Jan 2017,DIP,BOKARO
JHARKHAND,CHATRA,D-DIP0000001018,https://pmksy.gov.in/mis/Uploads/2017/20170222051837373-1.pdf,30 Jan 2017,DIP,CHATRA
JHARKHAND,DEOGHAR,D-DIP0000000937,https://pmksy.gov.in/mis/Uploads/2017/20170217035028104-1.pdf,30 Jan 2017,DIP,Deoghar
JHARKHAND,DHANBAD,D-DIP0000001017,https://pmksy.gov.in/mis/Uploads/2017/20170222051335791-1.pdf,30 Jan 2017,DIP,DHANBAD
JHARKHAND,DUMKA,D-DIP0000000986,https://pmksy.gov.in/mis/Uploads/2017/20170222114342525-1.pdf,30 Jan 2017,DIP,DUMKA
JHARKHAND,EAST SINGHBUM,D-DIP0000000993,https://pmksy.gov.in/mis/Uploads/2017/20170222033015796-1.pdf,30 Jan 2017,DIP,EAST SINGHBHUM
JHARKHAND,GARHWA,D-DIP0000000961,https://pmksy.gov.in/mis/Uploads/2017/20170221124725929-1.pdf,30 Jan 2017,DIP,GARHWA
JHARKHAND,GIRIDIH,D-DIP0000001058,https://pmksy.gov.in/mis/Uploads/2017/20170227111843432-1.pdf,30 Jan 2017,DIP,GIRIDIH
JHARKHAND,GODDA,D-DIP0000001126,https://pmksy.gov.in/mis/Uploads/2017/20170228102856424-1.pdf,30 Jan 2017,DIP,GODDA
JHARKHAND,GUMLA,D-DIP0000001127,https://pmksy.gov.in/mis/Uploads/2017/20170228044347330-1.pdf,30 Jan 2017,DIP,GUMLA
JHARKHAND,HAZARIBAGH,D-DIP0000000952,https://pmksy.gov.in/mis/Uploads/2017/20170220050320209-1.pdf,30 Jan 2017,DIP,HAZARIBAGH
JHARKHAND,JAMTARA,D-DIP0000001056,https://pmksy.gov.in/mis/Uploads/2017/20170227111525216-1.pdf,30 Jan 2017,DIP,JAMTARA
JHARKHAND,KHUNTI,D-DIP0000000987,https://pmksy.gov.in/mis/Uploads/2017/20170222115649008-1.pdf,30 Jan 2017,DIP,KHUNTI
JHARKHAND,KODERMA,D-DIP0000000988,https://pmksy.gov.in/mis/Uploads/2017/20170222011446871-1.pdf,30 Jan 2017,DIP,KODERMA
JHARKHAND,LATEHAR,D-DIP0000000974,https://pmksy.gov.in/mis/Uploads/2017/20170221060437846-1.pdf,30 Jan 2017,DIP,LATEHAR
JHARKHAND,LOHARDAGA,D-DIP0000001128,https://pmksy.gov.in/mis/Uploads/2017/20170228055157198-1.pdf,30 Jan 2017,DIP,LOHARDAGA
JHARKHAND,PAKUR,D-DIP0000001060,https://pmksy.gov.in/mis/Uploads/2017/20170227112510519-1.pdf,30 Jan 2017,DIP,PAKUR
JHARKHAND,PALAMU,D-DIP0000000978,https://pmksy.gov.in/mis/Uploads/2017/20170222105154891-1.pdf,30 Jan 2017,DIP,PALAMU
JHARKHAND,RAMGARH,D-DIP0000000977,https://pmksy.gov.in/mis/Uploads/2017/20170222104902571-1.pdf,30 Jan 2017,DIP,RAMGARH
JHARKHAND,RANCHI,D-DIP0000000966,https://pmksy.gov.in/mis/Uploads/2017/20170221035932504-1.pdf,30 Jan 2017,DIP,RANCHI
JHARKHAND,SAHEBGANJ,D-DIP0000001061,https://pmksy.gov.in/mis/Uploads/2017/20170227112709501-1.pdf,30 Jan 2017,DIP,SAHEBGANJ
JHARKHAND,SARAIKELA KHARSAWAN,D-DIP0000001064,https://pmksy.gov.in/mis/Uploads/2017/20170227113041960-1.pdf,30 Jan 2017,DIP,SARAIKELA KHARSAWAN
JHARKHAND,SIMDEGA,D-DIP0000000982,https://pmksy.gov.in/mis/Uploads/2017/20170222111323232-1.pdf,30 Jan 2017,DIP,SIMDEGA
JHARKHAND,WEST SINGHBHUM,D-DIP0000001019,https://pmksy.gov.in/mis/Uploads/2017/20170222054142792-1.pdf,30 Jan 2017,DIP,WEST SINGHBHUM
KARNATAKA,BAGALKOTE,D-DIP0000000604,https://pmksy.gov.in/mis/Uploads/2016/20161220110457112-1.pdf,20 Dec 2016,District Irrigation Plan,Bagalakot
KARNATAKA,BALLARI,D-DIP0000000630,https://pmksy.gov.in/mis/Uploads/2016/20161224053311761-1.pdf,24 Dec 2016,District Irrigation Plan,Ballari
KARNATAKA,BELAGAVI,D-DIP0000000617,https://pmksy.gov.in/mis/Uploads/2016/20161220032037515-1.pdf,20 Dec 2016,District Irrigation Plan,Belgaum
KARNATAKA,BENGALURU RURAL,D-DIP0000000632,https://pmksy.gov.in/mis/Uploads/2016/20161224053438358-1.pdf,24 Dec 2016,District Irrigation Plan,Bangalore Rural
KARNATAKA,BENGALURU URBAN,D-DIP0000000633,https://pmksy.gov.in/mis/Uploads/2016/20161224053809008-1.pdf,24 Dec 2016,District Irrigation Plan,Bangalore Urban
KARNATAKA,BIDAR,D-DIP0000000613,https://pmksy.gov.in/mis/Uploads/2016/20161220120559229-1.pdf,20 Dec 2016,District Irrigation Plan,Bidar
KARNATAKA,CHAMARAJANAGARA,D-DIP0000000615,https://pmksy.gov.in/mis/Uploads/2016/20161220121011065-1.pdf,20 Dec 2016,District Irrigation Plan,Chamarajanagar
KARNATAKA,CHIKKABALLAPURA,D-DIP0000000600,https://pmksy.gov.in/mis/Uploads/2016/20161219055159965-1.pdf,20 Dec 2016,District Irrigation Plan,Chikkaballapur
KARNATAKA,CHIKKAMAGALURU,D-DIP0000000605,https://pmksy.gov.in/mis/Uploads/2016/20161220110826593-1.pdf,20 Dec 2016,District Irrigation Plan,Chickmagalur
KARNATAKA,CHITRADURGA,D-DIP0000000634,https://pmksy.gov.in/mis/Uploads/2016/20161224053916916-1.pdf,24 Dec 2016,District Irrigation Plan,Chitradurga
KARNATAKA,DAKSHINA KANNADA,D-DIP0000000626,https://pmksy.gov.in/mis/Uploads/2016/20161222121501556-1.pdf,22 Dec 2016,District Irrigation Plan,Dakshina Kannada
KARNATAKA,DAVANGERE,D-DIP0000000606,https://pmksy.gov.in/mis/Uploads/2016/20161220111046590-1.pdf,20 Dec 2016,District Irrigation Plan,Davanagere
KARNATAKA,DHARWAD,D-DIP0000000636,https://pmksy.gov.in/mis/Uploads/2016/20161224054109862-1.pdf,24 Dec 2016,District Irrigation Plan,Dharawad
KARNATAKA,GADAG,D-DIP0000000648,https://pmksy.gov.in/mis/Uploads/2016/20161227052700668-1.pdf,27 Dec 2016,District Irrigation Plan,Gadag
KARNATAKA,HASSAN,D-DIP0000000622,https://pmksy.gov.in/mis/Uploads/2016/20161220035824453-1.pdf,20 Dec 2016,District Irrigation Plan,Hassan
KARNATAKA,HAVERI,D-DIP0000000616,https://pmksy.gov.in/mis/Uploads/2016/20161220121326723-1.pdf,20 Dec 2016,District Irrigation Plan,Haveri
KARNATAKA,KALABURAGI,D-DIP0000000635,https://pmksy.gov.in/mis/Uploads/2016/20161224054016540-1.pdf,24 Dec 2016,District Irrigation Plan,Kalaburagi
KARNATAKA,KODAGU,D-DIP0000000610,https://pmksy.gov.in/mis/Uploads/2016/20161220112338928-1.pdf,20 Dec 2016,District irrigation Plan,Kodagu
KARNATAKA,KOLAR,D-DIP0000000612,https://pmksy.gov.in/mis/Uploads/2016/20161220120144836-1.pdf,20 Dec 2016,District Irrigation Plan,Kolar
KARNATAKA,KOPPAL,D-DIP0000000637,https://pmksy.gov.in/mis/Uploads/2016/20161224054236132-1.pdf,24 Dec 2016,District Irrigation Plan,Koppal
KARNATAKA,MANDYA,D-DIP0000000641,https://pmksy.gov.in/mis/Uploads/2016/20161226121719370-1.pdf,26 Dec 2016,District Irrigation Plan,Mandya
KARNATAKA,MYSURU,D-DIP0000000625,https://pmksy.gov.in/mis/Uploads/2016/20161222120551318-1.pdf,22 Dec 2016,District Irrigation Plan,Mysore
KARNATAKA,RAICHUR,D-DIP0000000619,https://pmksy.gov.in/mis/Uploads/2016/20161220035029066-1.pdf,20 Dec 2016,District Irrigation Plan,Raichur
KARNATAKA,RAMANAGARA,D-DIP0000000638,https://pmksy.gov.in/mis/Uploads/2016/20161224054326271-1.pdf,24 Dec 2016,District Irrigation Plan,Ramanagara
KARNATAKA,SHIVAMOGGA,D-DIP0000000624,https://pmksy.gov.in/mis/Uploads/2016/20161221111344666-1.pdf,21 Dec 2016,District Irrigation Plan,Shimoga
KARNATAKA,TUMAKURU,D-DIP0000000639,https://pmksy.gov.in/mis/Uploads/2016/20161224054450637-1.pdf,24 Dec 2016,District Irrigation Plan,Tumkur
KARNATAKA,UDUPI,D-DIP0000000614,https://pmksy.gov.in/mis/Uploads/2016/20161220120721037-1.pdf,20 Dec 2016,District Irrigation Plan,Udupi
KARNATAKA,UTTARA KANNADA,D-DIP0000000623,https://pmksy.gov.in/mis/Uploads/2016/20161220040336801-1.pdf,20 Dec 2016,District Irrigation Plan,Uttara Kannada
KARNATAKA,VIJAYAPURA,D-DIP0000000649,https://pmksy.gov.in/mis/Uploads/2016/20161227052758919-1.pdf,27 Dec 2016,District Irrigation Plan,Vijayapur
KARNATAKA,YADGIR,D-DIP0000000640,https://pmksy.gov.in/mis/Uploads/2016/20161224054549544-1.pdf,24 Dec 2016,District Irrigation Plan,Yadagir
KERALA,ALAPPUZHA,D-DIP0000001441,https://pmksy.gov.in/mis/Uploads/2017/20170503102909801-1.pdf,03 May 2017,DIP_Alappuzha_Dist,District Irrigation plan of Alappuzha District
KERALA,ERNAKULAM,D-DIP0000001442,https://pmksy.gov.in/mis/Uploads/2017/20170503103303036-1.pdf,03 May 2017,DIP_Ernakulam,District Irrigation plan of Ernakulam District
KERALA,IDUKKI,D-DIP0000001496,https://pmksy.gov.in/mis/Uploads/2017/20170516021435727-1.pdf,16 May 2017,DIP IDUKKI,PMKSY DIP 2015-20
KERALA,KANNUR,D-DIP0000001456,https://pmksy.gov.in/mis/Uploads/2017/20170504024531669-1.pdf,04 May 2017,DISTRICT IRRIGATION PLAN,DETAILS
KERALA,KASARAGOD,D-DIP0000001443,https://pmksy.gov.in/mis/Uploads/2017/20170504112253456-1.pdf,04 May 2017,DIP Kasaragod,District Irrigation Plan
KERALA,KOLLAM,D-DIP0000001446,https://pmksy.gov.in/mis/Uploads/2017/20170504123828000-1.pdf,04 May 2017,District Irrigation Plan Kollam,PMKSY DIP Kollam
KERALA,KOTTAYAM,D-DIP0000001427,https://pmksy.gov.in/mis/Uploads/2017/20170503031926332-1.pdf,03 May 2017,DISTRICT IRRIGATION PLAN,PLAN FOR 2015-2020
KERALA,KOZHIKODE,D-DIP0000001431,https://pmksy.gov.in/mis/Uploads/2017/20170503043643886-1.pdf,03 May 2017,DIP Kozhikode,Irrigation Plan of Kozhikode
KERALA,MALAPPURAM,D-DIP0000001432,https://pmksy.gov.in/mis/Uploads/2017/20170503044325118-1.pdf,03 May 2017,DISTRICT IRRIGATION PLAN,"DIP 2015-2020,MALAPPURAM DISTRICT"
KERALA,PALAKKAD,D-DIP0000001429,https://pmksy.gov.in/mis/Uploads/2017/20170503035547320-1.pdf,03 May 2017,DIP PALAKKAD,DISTRICT IRRIGATION PLAN
KERALA,PATHANAMTHITTA,D-DIP0000001448,https://pmksy.gov.in/mis/Uploads/2017/20170504011229103-1.pdf,04 May 2017,DIP PATHANAMTHITTA,PMKSY - District Irrigation Plan Pathanamthitta
KERALA,THIRUVANANTHAPURAM,D-DIP0000001493,https://pmksy.gov.in/mis/Uploads/2017/20170516113228515-1.pdf,16 May 2017,DIP- Thiruvananthapuram,District Irrigation Plan- Thiruvananthapuram
KERALA,THRISSUR,D-DIP0000001530,https://pmksy.gov.in/mis/Uploads/2017/20170620125919669-1.pdf,20 Jun 2017,DIP of Thrissur,DIP of Thrissur
KERALA,WAYANAD,D-DIP0000001492,https://pmksy.gov.in/mis/Uploads/2017/20170516112431873-1.pdf,16 May 2017,PMKSY -DIP,PMKSY-DIP-WAYANAD
MADHYA PRADESH,AGAR MALWA,D-DIP0000001320,https://pmksy.gov.in/mis/Uploads/2017/20170323051703716-1.pdf,23 Mar 2017,PMKSY,IRRIGATION PLAN
MADHYA PRADESH,ALIRAJPUR,D-DIP0000001497,https://pmksy.gov.in/mis/Uploads/2017/20170516054322291-1.pdf,16 May 2017,PMKSY. DIP. ALIRAJPPUR M.P.,PMKSY. DIP. ALIRAJPPUR M.P.
MADHYA PRADESH,ANUPPUR,D-DIP0000000794,https://pmksy.gov.in/mis/Uploads/2017/20170131044948045-1.pdf,31 Jan 2017,PMKSY,DIP Plan
MADHYA PRADESH,ASHOKNAGAR,D-DIP0000001304,https://pmksy.gov.in/mis/Uploads/2017/20170322035035836-1.pdf,22 Mar 2017,DIP,District irrigation Plan Ashoknagar
MADHYA PRADESH,BALAGHAT,D-DIP0000001399,https://pmksy.gov.in/mis/Uploads/2017/20170420020153941-1.pdf,20 Apr 2017,PMKSY,District Irrigation Plan in Balaghat
MADHYA PRADESH,BARWANI,D-DIP0000001393,https://pmksy.gov.in/mis/Uploads/2017/20170418024249414-1.pdf,18 Apr 2017,PMKSY,District Irrigation Plan
MADHYA PRADESH,BETUL,D-DIP0000001293,https://pmksy.gov.in/mis/Uploads/2017/20170320092024037-1.pdf,20 Mar 2017,DIP Betul,District Irrigation Plan Betul MP
MADHYA PRADESH,BHIND,D-DIP0000001182,https://pmksy.gov.in/mis/Uploads/2017/20170304025318026-1.pdf,04 Mar 2017,DIP Bhind,District Irrigation Plan (PMKSY)
MADHYA PRADESH,BHOPAL,D-DIP0000000807,https://pmksy.gov.in/mis/Uploads/2017/20170131115918977-1.pdf,31 Jan 2017,PMKSY DIP BHOPAL,District Irrigation Plan Bhopal
MADHYA PRADESH,BURHANPUR,D-DIP0000001294,https://pmksy.gov.in/mis/Uploads/2017/20170321053157163-1.pdf,21 Mar 2017,PMKSY,DIP
MADHYA PRADESH,CHHATARPUR,D-DIP0000000824,https://pmksy.gov.in/mis/Uploads/2017/20170201124558686-1.pdf,01 Feb 2017,PMKSY PLAN CHHA,DIP CHHATARPUR-2
MADHYA PRADESH,CHHINDWARA,D-DIP0000000746,https://pmksy.gov.in/mis/Uploads/2017/20170130050218718-1.pdf,30 Jan 2017,PMKSY DIP,DIP Chhindwara
MADHYA PRADESH,DAMOH,D-DIP0000001444,https://pmksy.gov.in/mis/Uploads/2017/20170504123417932-1.pdf,04 May 2017,DIP DAMOH,District Irrigation Plan
MADHYA PRADESH,DATIA,D-DIP0000001494,https://pmksy.gov.in/mis/Uploads/2017/20170516122203694-1.pdf,16 May 2017,DIP PMKSY DATIA,DIP PMKSY DATIA
MADHYA PRADESH,DEWAS,D-DIP0000000875,https://pmksy.gov.in/mis/Uploads/2017/20170206012825103-1.pdf,06 Feb 2017,PMKSY,DIP
MADHYA PRADESH,DHAR,D-DIP0000000747,https://pmksy.gov.in/mis/Uploads/2017/20170130063649042-1.pdf,30 Jan 2017,PMKSY DIP DHAR,DIP DHAR
MADHYA PRADESH,DINDORI,D-DIP0000000803,https://pmksy.gov.in/mis/Uploads/2017/20170131055144607-1.pdf,31 Jan 2017,PMKSY,District Irrigation plan Distt Dindori
MADHYA PRADESH,EAST NIMAR,D-DIP0000000743,https://pmksy.gov.in/mis/Uploads/2017/20170128125259591-1.pdf,28 Jan 2017,PMKSY DIP,District Irrigation Plann Distt. Khandwa
MADHYA PRADESH,GUNA,D-DIP0000000822,https://pmksy.gov.in/mis/Uploads/2017/20170201123646577-1.pdf,01 Feb 2017,DDA Guna (DIP),District Irrigation Plan District Guna
MADHYA PRADESH,GWALIOR,D-DIP0000000880,https://pmksy.gov.in/mis/Uploads/2017/20170207013343579-1.pdf,07 Feb 2017,DIP,
MADHYA PRADESH,HARDA,D-DIP0000001388,https://pmksy.gov.in/mis/Uploads/2017/20170417095957124-1.pdf,17 Apr 2017,DIp,DIP Harda
MADHYA PRADESH,HOSHANGABAD,D-DIP0000000278,https://pmksy.gov.in/mis/Uploads/2016/20160721020514706-1.pdf,21 Jul 2016,pmksy dip,district hoshangabad
MADHYA PRADESH,INDORE,D-DIP0000000852,https://pmksy.gov.in/mis/Uploads/2017/20170202040715329-1.pdf,02 Feb 2017,DIP INDORE,district irrigation plan indore
MADHYA PRADESH,JABALPUR,D-DIP0000001200,https://pmksy.gov.in/mis/Uploads/2017/20170310011113946-1.pdf,10 Mar 2017,DDA Jabalpur,DIP
MADHYA PRADESH,JHABUA,D-DIP0000001207,https://pmksy.gov.in/mis/Uploads/2017/20170310060246773-1.pdf,10 Mar 2017,PMKSY DIP,DIP Plan
MADHYA PRADESH,KATNI,D-DIP0000000793,https://pmksy.gov.in/mis/Uploads/2017/20170131025229992-1.xls,31 Jan 2017,DIP,PMKSY
MADHYA PRADESH,KHARGONE,D-DIP0000000843,https://pmksy.gov.in/mis/Uploads/2017/20170201043005123-1.pdf,01 Feb 2017,DIP,PMKSY
MADHYA PRADESH,MANDLA,D-DIP0000001201,https://pmksy.gov.in/mis/Uploads/2017/20170310040333326-1.pdf,10 Mar 2017,Distric Irrigation Plan,Distric Irrigation Plan
MADHYA PRADESH,MANDSAUR,D-DIP0000000403,https://pmksy.gov.in/mis/Uploads/2016/20160824124223205-1.pdf,24 Aug 2016,PMKSY DIP,DISTRICT MANDSAUR MP
MADHYA PRADESH,MORENA,D-DIP0000000971,https://pmksy.gov.in/mis/Uploads/2017/20170221054043846-1.pdf,21 Feb 2017,DIP Morena,District Irrigation Plan (PMKSY)
MADHYA PRADESH,NARSINGHPUR,D-DIP0000000805,https://pmksy.gov.in/mis/Uploads/2017/20170131061648458-1.pdf,31 Jan 2017,PMKSY DIP NARSINGHPUR,DIP NARSINGHPUR
MADHYA PRADESH,NEEMUCH,D-DIP0000001173,https://pmksy.gov.in/mis/Uploads/2017/20170302044055729-1.pdf,02 Mar 2017,PMKSY DIP NEEMUCH,District Irrigation plan Distt Neemuch
MADHYA PRADESH,PANNA,D-DIP0000001335,https://pmksy.gov.in/mis/Uploads/2017/20170328032210878-1.pdf,28 Mar 2017,PMKSY DIP PANNA,
MADHYA PRADESH,RAISEN,D-DIP0000000745,https://pmksy.gov.in/mis/Uploads/2017/20170130033511613-1.pdf,30 Jan 2017,RAISEN,DIP Raisen District
MADHYA PRADESH,RAJGARH,D-DIP0000001214,https://pmksy.gov.in/mis/Uploads/2017/20170314052515564-1.pdf,14 Mar 2017,PMKSY DIP,District Irrigation Plan
MADHYA PRADESH,RATLAM,D-DIP0000000738,https://pmksy.gov.in/mis/Uploads/2017/20170127123420410-1.docx,27 Jan 2017,DDA RATLAM,DIP RATLAM
MADHYA PRADESH,REWA,D-DIP0000001301,https://pmksy.gov.in/mis/Uploads/2017/20170321065339348-1.pdf,21 Mar 2017,Pradhan Mantri Krishi Sinchayi Yojna,District Irrigation Plan Rewa
MADHYA PRADESH,SAGAR,D-DIP0000000859,https://pmksy.gov.in/mis/Uploads/2017/20170203025747464-1.pdf,03 Feb 2017,DIP Sagar,DIP Sagar
MADHYA PRADESH,SATNA,D-DIP0000001290,https://pmksy.gov.in/mis/Uploads/2017/20170319060659921-1.pdf,19 Mar 2017,DIP,District Irrigation Plan
MADHYA PRADESH,SEHORE,D-DIP0000001302,https://pmksy.gov.in/mis/Uploads/2017/20170322122637730-1.pdf,22 Mar 2017,DIP SEHORE,PMKSY DIP SEHORE
MADHYA PRADESH,SEONI,D-DIP0000000883,https://pmksy.gov.in/mis/Uploads/2017/20170208010404610-1.pdf,08 Feb 2017,seoni PMKSY DIP,DIP pmksy 2016
MADHYA PRADESH,SHAHDOL,D-DIP0000001271,https://pmksy.gov.in/mis/Uploads/2017/20170315020742583-1.pdf,15 Mar 2017,DIP SHAHDOL,DIP SHAHDOL
MADHYA PRADESH,SHAJAPUR,D-DIP0000001398,https://pmksy.gov.in/mis/Uploads/2017/20170419045109144-1.pdf,19 Apr 2017,DIP - PMKSY,Plan 2016-17 To 2021-22
MADHYA PRADESH,SHEOPUR,D-DIP0000001324,https://pmksy.gov.in/mis/Uploads/2017/20170328115752238-1.pdf,28 Mar 2017,PMKSY,DIP
MADHYA PRADESH,SHIVPURI,D-DIP0000000865,https://pmksy.gov.in/mis/Uploads/2017/20170204024618024-1.pdf,04 Feb 2017,PMKSY DIP SHIVPURI,"District Irrigation Plan, district shivpuri"
MADHYA PRADESH,SIDHI,D-DIP0000001286,https://pmksy.gov.in/mis/Uploads/2017/20170318052119007-1.pdf,18 Mar 2017,SIDHI-DISTRICT IRRIGATION PLANE-,PMKSY
MADHYA PRADESH,SINGRAULI,D-DIP0000001454,https://pmksy.gov.in/mis/Uploads/2017/20170504014948450-1.pdf,04 May 2017,PMKSY DIP,DIP OF DIST SINGRAULI
MADHYA PRADESH,TIKAMGARH,D-DIP0000000864,https://pmksy.gov.in/mis/Uploads/2017/20170204024331522-1.pdf,04 Feb 2017,DIP Tikamgarh,DIP Tikamgarh
MADHYA PRADESH,UJJAIN,D-DIP0000001275,https://pmksy.gov.in/mis/Uploads/2017/20170315050034825-1.pdf,15 Mar 2017,PMKSY DIP,PMKSY District Irrigation Plan District Ujjain
MADHYA PRADESH,UMARIA,D-DIP0000001213,https://pmksy.gov.in/mis/Uploads/2017/20170314035635778-1.pdf,14 Mar 2017,PMKSY DIP,District Irrigation Plan Umaria
MADHYA PRADESH,VIDISHA,D-DIP0000001176,https://pmksy.gov.in/mis/Uploads/2017/20170303032236374-1.pdf,03 Mar 2017,PMKSY DIP,PMKSY District Irrigation Plan
MAHARASHTRA,AHMEDNAGAR,D-DIP0000000900,https://pmksy.gov.in/mis/Uploads/2017/20170214121549126-1.pdf,14 Feb 2017,DIP Ahamadnagar,District Irrigation Plan
MAHARASHTRA,AKOLA,D-DIP0000000938,https://pmksy.gov.in/mis/Uploads/2017/20170217045524611-1.pdf,17 Feb 2017,Akola DIP,District Irrigation Plan
MAHARASHTRA,AMRAVATI,D-DIP0000000916,https://pmksy.gov.in/mis/Uploads/2017/20170215050738921-1.pdf,15 Feb 2017,Amravati,District Irrigation Plan
MAHARASHTRA,AURANGABAD,D-DIP0000000912,https://pmksy.gov.in/mis/Uploads/2017/20170215050217118-1.pdf,15 Feb 2017,Aurangabad,District Irrigation Plan
MAHARASHTRA,BEED,D-DIP0000000896,https://pmksy.gov.in/mis/Uploads/2017/20170214120029630-1.pdf,14 Feb 2017,DIP Beed,District Irrigation Plan
MAHARASHTRA,BHANDARA,D-DIP0000001136,https://pmksy.gov.in/mis/Uploads/2017/20170302121856162-1.pdf,02 Mar 2017,DIP Bhandara,District Irrigation Plan
MAHARASHTRA,BULDHANA,D-DIP0000000899,https://pmksy.gov.in/mis/Uploads/2017/20170214120714691-1.pdf,14 Feb 2017,DIP Buldhana,District Irrigation Plan
MAHARASHTRA,CHANDRAPUR,D-DIP0000000856,https://pmksy.gov.in/mis/Uploads/2017/20170203105449103-1.pdf,03 Feb 2017,Chandrapur DIP,District Irrigation Plan
MAHARASHTRA,DHULE,D-DIP0000000853,https://pmksy.gov.in/mis/Uploads/2017/20170202050430664-1.pdf,02 Feb 2017,Dhule DIP,District Irrigation Plan
MAHARASHTRA,GADCHIROLI,D-DIP0000000890,https://pmksy.gov.in/mis/Uploads/2017/20170213035205825-1.pdf,13 Feb 2017,DIP Gadchiroli,District Irrigation Plan
MAHARASHTRA,GONDIA,D-DIP0000000898,https://pmksy.gov.in/mis/Uploads/2017/20170214120506067-1.pdf,14 Feb 2017,DIP Gondia,District Irrigation Plan
MAHARASHTRA,HINGOLI,D-DIP0000000949,https://pmksy.gov.in/mis/Uploads/2017/20170218013440190-1.pdf,18 Feb 2017,DIP Hingoli,District Irrigation Plan
MAHARASHTRA,JALGAON,D-DIP0000000895,https://pmksy.gov.in/mis/Uploads/2017/20170214115929507-1.pdf,14 Feb 2017,DIP Jalgaon,District Irrigation Plan
MAHARASHTRA,JALNA,D-DIP0000001129,https://pmksy.gov.in/mis/Uploads/2017/20170301011907406-1.pdf,01 Mar 2017,DIP Jalna,District Irrigation Plan
MAHARASHTRA,KOLHAPUR,D-DIP0000000991,https://pmksy.gov.in/mis/Uploads/2017/20170222015548485-1.pdf,22 Feb 2017,DIP Kolhapur,District Irrigation Plan
MAHARASHTRA,LATUR,D-DIP0000000948,https://pmksy.gov.in/mis/Uploads/2017/20170218123514353-1.pdf,18 Feb 2017,DIP Latur,District Irrigation Plan
MAHARASHTRA,NAGPUR,D-DIP0000000139,https://pmksy.gov.in/mis/Uploads/2016/20160510045759253-1.pdf,10 May 2016,DIP Nagapur,Approval Purpose
MAHARASHTRA,NANDED,D-DIP0000000915,https://pmksy.gov.in/mis/Uploads/2017/20170215050618642-1.pdf,15 Feb 2017,Nanded,District Irrigation Plan
MAHARASHTRA,NANDURBAR,D-DIP0000000939,https://pmksy.gov.in/mis/Uploads/2017/20170217045939377-1.pdf,17 Feb 2017,Nandurbar,District Irrigation Plan
MAHARASHTRA,NASHIK,D-DIP0000000839,https://pmksy.gov.in/mis/Uploads/2017/20170201033026452-1.pdf,01 Feb 2017,Nashik DIP,District Irrigation Plan
MAHARASHTRA,OSMANABAD,D-DIP0000000897,https://pmksy.gov.in/mis/Uploads/2017/20170214120345039-1.pdf,14 Feb 2017,DIP Osmanabad,District Irrigation Plan
MAHARASHTRA,PALGHAR,D-DIP0000000945,https://pmksy.gov.in/mis/Uploads/2017/20170218121441877-1.pdf,18 Feb 2017,DIP Palghar,District Irrigation Plan
MAHARASHTRA,PARBHANI,D-DIP0000000914,https://pmksy.gov.in/mis/Uploads/2017/20170215050536802-1.pdf,15 Feb 2017,Parbhani,District Irrigation Plan
MAHARASHTRA,PUNE,D-DIP0000000685,https://pmksy.gov.in/mis/Uploads/2017/20170109010346632-1.pdf,09 Jan 2017,DIP,District Irrigation Plan
MAHARASHTRA,RAIGAD,D-DIP0000000943,https://pmksy.gov.in/mis/Uploads/2017/20170218121221179-1.pdf,18 Feb 2017,DIP Raigad,District Irrigation Plan
MAHARASHTRA,RATNAGIRI,D-DIP0000000917,https://pmksy.gov.in/mis/Uploads/2017/20170215051051569-1.pdf,15 Feb 2017,Ratnagiri DIP,District Irrigation Plan
MAHARASHTRA,SANGLI,D-DIP0000000940,https://pmksy.gov.in/mis/Uploads/2017/20170217050454565-1.pdf,17 Feb 2017,Sangli DIP,District Irrigation Plan
MAHARASHTRA,SATARA,D-DIP0000000841,https://pmksy.gov.in/mis/Uploads/2017/20170201033508473-1.pdf,01 Feb 2017,Satara,District Irrigation Plan
MAHARASHTRA,SINDHUDURG,D-DIP0000000941,https://pmksy.gov.in/mis/Uploads/2017/20170217050638728-1.pdf,17 Feb 2017,DIP Sindhudurg,District Irrigation Plan
MAHARASHTRA,SOLAPUR,D-DIP0000000946,https://pmksy.gov.in/mis/Uploads/2017/20170218121541782-1.pdf,18 Feb 2017,DIP Solapur,District Irrigation Plan
MAHARASHTRA,THANE,D-DIP0000000892,https://pmksy.gov.in/mis/Uploads/2017/20170213060215695-1.pdf,13 Feb 2017,DIP Thane,District Irrigation Plan
MAHARASHTRA,WARDHA,D-DIP0000000840,https://pmksy.gov.in/mis/Uploads/2017/20170201033336712-1.pdf,01 Feb 2017,Wardha DIP,District Irrigation Plan
MAHARASHTRA,WASHIM,D-DIP0000001131,https://pmksy.gov.in/mis/Uploads/2017/20170301040951217-1.pdf,01 Mar 2017,DIP Washim,District Irrigation Plan
MAHARASHTRA,YAVATMAL,D-DIP0000000947,https://pmksy.gov.in/mis/Uploads/2017/20170218121652872-1.pdf,18 Feb 2017,DIP Yawatmal,District Irrigation Plan
MANIPUR,BISHNUPUR,D-DIP0000001211,https://pmksy.gov.in/mis/Uploads/2017/20170314013309659-1.pdf,14 Mar 2017,DIP to consider by IDWG,DIP for Bishnupur
MANIPUR,CHANDEL,D-DIP0000001284,https://pmksy.gov.in/mis/Uploads/2017/20170318111451911-1.pdf,18 Mar 2017,DIP to consider by IDWG,DIP for Chandel
MANIPUR,CHURACHANDPUR,D-DIP0000001210,https://pmksy.gov.in/mis/Uploads/2017/20170314013102517-1.pdf,14 Mar 2017,DIP to consider by IDWG,DIP for Churachandpur
MANIPUR,IMPHAL EAST,D-DIP0000001283,https://pmksy.gov.in/mis/Uploads/2017/20170318111333037-1.pdf,18 Mar 2017,DIP to consider by IDWG,DIP for Imphal-East
MANIPUR,IMPHAL WEST,D-DIP0000001287,https://pmksy.gov.in/mis/Uploads/2017/20170319022052961-1.pdf,19 Mar 2017,DIP to consider by IDWG,DIP for Imphal-West
MANIPUR,SENAPATI,D-DIP0000001289,https://pmksy.gov.in/mis/Uploads/2017/20170319035150730-1.pdf,19 Mar 2017,DIP to consider by IDWG,DIP for Senapati
MANIPUR,TAMENGLONG,D-DIP0000001291,https://pmksy.gov.in/mis/Uploads/2017/20170320103324136-1.pdf,20 Mar 2017,DIP to consider by IDWG,DIP for Tamenglong
MANIPUR,THOUBAL,D-DIP0000001212,https://pmksy.gov.in/mis/Uploads/2017/20170314013454929-1.pdf,14 Mar 2017,DIP to consider by IDWG,DIP for Thoubal
MANIPUR,UKHRUL,D-DIP0000001288,https://pmksy.gov.in/mis/Uploads/2017/20170319033438513-1.pdf,19 Mar 2017,DIP to consider by IDWG,DIP for Ukhrul
MEGHALAYA,EAST GARO HILLS,D-DIP0000001350,https://pmksy.gov.in/mis/Uploads/2017/20170331050354800-1.pdf,31 Mar 2017,DIP,To be updated
MEGHALAYA,EAST JAINTIA HILLS,D-DIP0000001359,https://pmksy.gov.in/mis/Uploads/2017/20170331053725210-1.pdf,31 Mar 2017,DIP,To be updated
MEGHALAYA,EAST KHASI HILLS,D-DIP0000001351,https://pmksy.gov.in/mis/Uploads/2017/20170331050603829-1.pdf,31 Mar 2017,DIP,To be updated
MEGHALAYA,NORTH GARO HILLS,D-DIP0000001352,https://pmksy.gov.in/mis/Uploads/2017/20170331050822078-1.pdf,31 Mar 2017,DIP,To be updated
MEGHALAYA,RI BHOI,D-DIP0000001361,https://pmksy.gov.in/mis/Uploads/2017/20170331081041953-1.pdf,31 Mar 2017,DIP,To be updated
MEGHALAYA,SOUTH GARO HILLS,D-DIP0000001362,https://pmksy.gov.in/mis/Uploads/2017/20170331081122513-1.pdf,31 Mar 2017,DIP,To be updated
MEGHALAYA,SOUTH WEST GARO HILLS,D-DIP0000001354,https://pmksy.gov.in/mis/Uploads/2017/20170331051403254-1.pdf,31 Mar 2017,DIP,To be updated
MEGHALAYA,SOUTH WEST KHASI HILLS,D-DIP0000001355,https://pmksy.gov.in/mis/Uploads/2017/20170331051709676-1.pdf,31 Mar 2017,DIP,To be updated
MEGHALAYA,WEST GARO HILLS,D-DIP0000001356,https://pmksy.gov.in/mis/Uploads/2017/20170331051810906-1.pdf,31 Mar 2017,DIP,To be updated
MEGHALAYA,WEST JAINTIA HILLS,D-DIP0000001358,https://pmksy.gov.in/mis/Uploads/2017/20170331052303441-1.pdf,31 Mar 2017,DIP,To be updated
MEGHALAYA,WEST KHASI HILLS,D-DIP0000001357,https://pmksy.gov.in/mis/Uploads/2017/20170331052040497-1.pdf,31 Mar 2017,DIP,To be updated
MIZORAM,AIZAWL,D-DIP0000000496,https://pmksy.gov.in/mis/Uploads/2016/20161003120629778-1.pdf,03 Oct 2016,Aizawl updated,DIP
MIZORAM,CHAMPHAI,D-DIP0000000416,https://pmksy.gov.in/mis/Uploads/2016/20160902022512268-1.pdf,02 Sep 2016,District Irrigation Plan,"District Irrigation Plan of Champhai District, Mizoram"
MIZORAM,KOLASIB,D-DIP0000000446,https://pmksy.gov.in/mis/Uploads/2016/20160907113529864-1.pdf,07 Sep 2016,District Irrigation Plan,"District Irrigation Plan of Kolasib District, Mizoram"
MIZORAM,LAWNGTLAI,D-DIP0000000534,https://pmksy.gov.in/mis/Uploads/2016/20161031100213609-1.pdf,31 Oct 2016,District Irrigation Plan,Lawngtlai District
MIZORAM,LUNGLEI,D-DIP0000000540,https://pmksy.gov.in/mis/Uploads/2016/20161116033126364-1.pdf,16 Nov 2016,District Irrigation Plan,"District Irrigation Plan of Lunglei District, Mizoram"
MIZORAM,MAMIT,D-DIP0000000542,https://pmksy.gov.in/mis/Uploads/2016/20161121011654189-1.pdf,21 Nov 2016,District Irrigation Plan,"District Irrigation Plan of Mamit District, Mizoram"
MIZORAM,SAIHA,D-DIP0000000543,https://pmksy.gov.in/mis/Uploads/2016/20161123111902512-1.pdf,23 Nov 2016,District Irrigation Plan,"District Irrigation Plan of Saiha District, Mizoram"
MIZORAM,SERCHHIP,D-DIP0000000495,https://pmksy.gov.in/mis/Uploads/2016/20161003120011328-1.pdf,03 Oct 2016,SERCHHIP,SERCHHIP updated on 3-10
NAGALAND,DIMAPUR,D-DIP0000000143,https://pmksy.gov.in/mis/Uploads/2016/20160517101451170-1.pdf,17 May 2016,DIP-DIMAPUR,DIP-DIMAPUR
NAGALAND,KIPHIRE,D-DIP0000000132,https://pmksy.gov.in/mis/Uploads/2016/20160509041012512-1.pdf,09 May 2016,KIPHIRE,DIP- KIPHIRE
NAGALAND,KOHIMA,D-DIP0000000306,https://pmksy.gov.in/mis/Uploads/2016/20160802041955250-1.pdf,02 Aug 2016,NAGALAND-Kohima DIP,NAGALAND-Kohima DIP
NAGALAND,LONGLENG,D-DIP0000000307,https://pmksy.gov.in/mis/Uploads/2016/20160802041955297-2.pdf,02 Aug 2016,NAGALAND-Longleng DIP,NAGALAND-Longleng DIP
NAGALAND,MOKOKCHUNG,D-DIP0000000138,https://pmksy.gov.in/mis/Uploads/2016/20160509041142618-3.pdf,09 May 2016,MOKOCHUNG,DIP-MOKOCHUNG
NAGALAND,MON,D-DIP0000000133,https://pmksy.gov.in/mis/Uploads/2016/20160509041012528-2.pdf,09 May 2016,MON,DIP- MON
NAGALAND,PEREN,D-DIP0000000308,https://pmksy.gov.in/mis/Uploads/2016/20160802041955344-3.pdf,02 Aug 2016,NAGALAND-Peren DIP,NAGALAND-Peren DIP
NAGALAND,PHEK,D-DIP0000000134,https://pmksy.gov.in/mis/Uploads/2016/20160509041012543-3.pdf,09 May 2016,PHEK,DIP- PHEK
NAGALAND,TUENSANG,D-DIP0000000135,https://pmksy.gov.in/mis/Uploads/2016/20160509041012559-4.pdf,09 May 2016,TUENSANG,DIP- TUENSANG
NAGALAND,WOKHA,D-DIP0000000136,https://pmksy.gov.in/mis/Uploads/2016/20160509041142572-1.pdf,09 May 2016,WOKHA,DIP-WOKHA
NAGALAND,ZUNHEBOTO,D-DIP0000000137,https://pmksy.gov.in/mis/Uploads/2016/20160509041142587-2.pdf,09 May 2016,ZUNHEBOTO,DIP-ZUNHEBOTO
ODISHA,ANUGUL,D-DIP0000000153,https://pmksy.gov.in/mis/Uploads/2016/20160604095551713-1.pdf,31 Mar 2016,ODHISA ANGUL DIP,ANGUL DISTRICT IRRIGATION PLAN
ODISHA,BALANGIR,D-DIP0000001526,https://pmksy.gov.in/mis/Uploads/2017/20170617014948090-1.pdf,31 Mar 2016,ODISHA BOLANGIR DIP,BOLANGIR DISTRICT IRRIGATION PLAN
ODISHA,BALESHWAR,D-DIP0000000223,https://pmksy.gov.in/mis/Uploads/2016/20160625102235864-1.pdf,31 Mar 2016,ODISHA BALASORE DIP,BALASORE DISTRICT IRRIGATION PLAN
ODISHA,BARGARH,D-DIP0000000147,https://pmksy.gov.in/mis/Uploads/2016/20160602021535100-1.pdf,31 Mar 2016,ODISHA BARGARH DIP,BARGARH DISTRICT IRRIGATION PLAN
ODISHA,BHADRAK,D-DIP0000000229,https://pmksy.gov.in/mis/Uploads/2016/20160628040141399-1.pdf,31 Mar 2016,ODISHA BHADRAK DIP,BHADRAK DISTRICT IRRIGATION PLAN
ODISHA,BOUDH,D-DIP0000000240,https://pmksy.gov.in/mis/Uploads/2016/20160704014408103-1.pdf,31 Mar 2016,ODISHA BOUDH DIP,BOUDH DISTRICT IRRIGATION PLAN
ODISHA,CUTTACK,D-DIP0000000212,https://pmksy.gov.in/mis/Uploads/2016/20160622030659833-1.pdf,31 Mar 2016,ODISHA CUTTACK DIP,CUTTACK DISTRICT IRRIGATION PLAN
ODISHA,DEOGARH,D-DIP0000000150,https://pmksy.gov.in/mis/Uploads/2016/20160603095805360-1.pdf,31 Mar 2016,ODISHA DEOGARH DIP,DEOGARH DISTRICT IRRIGATION PLAN
ODISHA,DHENKANAL,D-DIP0000000254,https://pmksy.gov.in/mis/Uploads/2016/20160716061109588-1.pdf,31 Mar 2016,ODISHA DHENKANAL DIP,DHENKANAL DISTRICT IRRIGATION PLAN
ODISHA,GAJAPATI,D-DIP0000000213,https://pmksy.gov.in/mis/Uploads/2016/20160622033733320-1.pdf,31 Mar 2016,ODISHA GAJAPATI DIP,GAJAPATI DISTRICT IRRIGATION PLAN
ODISHA,GANJAM,D-DIP0000000227,https://pmksy.gov.in/mis/Uploads/2016/20160627032719820-1.pdf,31 Mar 2016,ODISHA GANJAM DIP,GANJAM DISTRICT IRRIGATION PLAN
ODISHA,JAGATSINGHAPUR,D-DIP0000000241,https://pmksy.gov.in/mis/Uploads/2016/20160704015215543-1.pdf,31 Mar 2016,ODISHA JAGATSINGHPUR DIP,JAGATSINGHPUR DISTRICT IRRIGATION PLAN
ODISHA,JAJAPUR,D-DIP0000000209,https://pmksy.gov.in/mis/Uploads/2016/20160622010729673-1.pdf,31 Mar 2016,ODISHA JAJPUR DIP,JAJPUR DISTRICT IRRIGATION PLAN
ODISHA,JHARSUGUDA,D-DIP0000000148,https://pmksy.gov.in/mis/Uploads/2016/20160602022813595-1.pdf,31 Mar 2016,ODISHA JHARSUGUDA DIP,JHARSUGUDA DISTRICT IRRIGATION PLAN
ODISHA,KALAHANDI,D-DIP0000000180,https://pmksy.gov.in/mis/Uploads/2016/20160617121718566-1.pdf,31 Mar 2016,ODISHA KALAHANDI DIP,KALAHANDI DISTRICT IRRIGATION PLAN
ODISHA,KANDHAMAL,D-DIP0000000253,https://pmksy.gov.in/mis/Uploads/2016/20160716052446333-1.pdf,31 Mar 2016,ODISHA KANDHAMAL DIP,KANDHAMAL DISTRICT IRRIGATION PLAN
ODISHA,KENDRAPARA,D-DIP0000000152,https://pmksy.gov.in/mis/Uploads/2016/20160604093844630-1.pdf,31 Mar 2016,ODISHA KENDRAPARA DIP,KENDRAPARA DISTRICT IRRIGATION PLAN
ODISHA,KENDUJHAR,D-DIP0000000252,https://pmksy.gov.in/mis/Uploads/2016/20160716042419361-1.pdf,31 Mar 2016,ODISHA KEONJHAR DIP,KEONJHAR DISTRICT IRRIGATION PLAN
ODISHA,KHORDHA,D-DIP0000000179,https://pmksy.gov.in/mis/Uploads/2016/20160616062126879-1.pdf,31 Mar 2016,ODISHA KHURDA DIP,KHURDA DISTRICT IRRIGATION PLAN
ODISHA,KORAPUT,D-DIP0000000211,https://pmksy.gov.in/mis/Uploads/2016/20160622020923259-1.pdf,31 Mar 2016,ODISHA KORAPUT DIP,KORAPUT DISTRICT IRRIGATION PLAN
ODISHA,MALKANGIRI,D-DIP0000000228,https://pmksy.gov.in/mis/Uploads/2016/20160627051242163-1.pdf,31 Mar 2016,ODISHA MALKANGIRI DIP,MALKANGIRI DISTRICT IRRIGATION PLAN
ODISHA,MAYURBHANJ,D-DIP0000000259,https://pmksy.gov.in/mis/Uploads/2016/20160718061737637-1.pdf,31 Mar 2016,ODISHA MAYURBHANJ DIP New,MAYURBHANJ DIP New
ODISHA,NABARANGPUR,D-DIP0000000167,https://pmksy.gov.in/mis/Uploads/2016/20160611085805384-1.pdf,31 Mar 2016,ODISHA NOWRANGPUR DIP,NOWRANGPUR DISTRICT IRRIGATION PLAN
ODISHA,NAYAGARH,D-DIP0000000151,https://pmksy.gov.in/mis/Uploads/2016/20160603101655108-1.pdf,31 Mar 2016,ODISHA NAYAGARH DIP,NAYAGARH DISTRICT IRRIGATION PLAN
ODISHA,NUAPADA,D-DIP0000000226,https://pmksy.gov.in/mis/Uploads/2016/20160627022246519-1.pdf,31 Mar 2016,ODISHA NUAPADA DIP,NUAPADA DISTRICT IRRIGATION PLAN
ODISHA,PURI,D-DIP0000000260,https://pmksy.gov.in/mis/Uploads/2016/20160718061737747-2.pdf,31 Mar 2016,ODISHA PURI DIP,PURI DIP
ODISHA,RAYAGADA,D-DIP0000000168,https://pmksy.gov.in/mis/Uploads/2016/20160611090022306-1.pdf,31 Mar 2016,ODISHA RAYAGADA DIP,RAYAGADA DISTRICT IRRIGATION PLAN
ODISHA,SAMBALPUR,D-DIP0000000541,https://pmksy.gov.in/mis/Uploads/2016/20161119015042701-1.pdf,31 Mar 2016,ODISHA SAMBALPUR DIP,ODISHA SAMBALPUR DIP
ODISHA,SONEPUR,D-DIP0000000222,https://pmksy.gov.in/mis/Uploads/2016/20160624103932904-1.pdf,31 Mar 2016,ODISHA SONEPUR DIP,SONEPUR DISTRICT IRRIGATION PLAN
ODISHA,SUNDARGARH,D-DIP0000000269,https://pmksy.gov.in/mis/Uploads/2016/20160720111702752-1.pdf,31 Mar 2016,ODISHA DIP SUNDARGARH,ODISHA DIP SUNDARGARH
PUDUCHERRY,KARAIKAL,D-DIP0000001640,https://pmksy.gov.in/mis/Uploads/2017/20171107103656029-1.pdf,11 Jul 2017,DIP of Karaikal,Proposed financial and physical assessment to be undertaken under PMKSY in 04 Years projects
PUDUCHERRY,PONDICHERRY,D-DIP0000001638,https://pmksy.gov.in/mis/Uploads/2017/20171107101010522-1.pdf,14 Sep 2017,DIP of Puducherry,Proposed financial and physical assessment to be undertaken under PMKSY in 04 Years projects
PUNJAB,AMRITSAR,D-DIP0000001598,https://pmksy.gov.in/mis/Uploads/2017/20171003050748848-1.pdf,03 Oct 2017,DIP - Amritsar,DIP - Amritsar
PUNJAB,BARNALA,D-DIP0000001593,https://pmksy.gov.in/mis/Uploads/2017/20171003121704681-1.pdf,03 Oct 2017,DIP,DIP
PUNJAB,BATHINDA,D-DIP0000001594,https://pmksy.gov.in/mis/Uploads/2017/20171003122046329-1.pdf,03 Oct 2017,DIP - Bathinda,DIP - Bathinda
PUNJAB,FARIDKOT,D-DIP0000001595,https://pmksy.gov.in/mis/Uploads/2017/20171003122219306-1.pdf,03 Oct 2017,DIP - Faridkot,DIP - Faridkot
PUNJAB,FATEHGARH SAHIB,D-DIP0000001596,https://pmksy.gov.in/mis/Uploads/2017/20171003122345762-1.pdf,03 Oct 2017,DIP - Fatehgarh Sahib,DIP - Fatehgarh Sahib
PUNJAB,FAZILKA,D-DIP0000001597,https://pmksy.gov.in/mis/Uploads/2017/20171003122449317-1.pdf,03 Oct 2017,DIP - Fazilka,DIP - Fazilka
PUNJAB,FEROZEPUR,D-DIP0000001573,https://pmksy.gov.in/mis/Uploads/2017/20170914122107801-1.pdf,14 Sep 2017,DIP - Ferozepur,DIP - Ferozepur
PUNJAB,GURDASPUR,D-DIP0000001599,https://pmksy.gov.in/mis/Uploads/2017/20171003050918955-1.pdf,03 Oct 2017,DIP - Gurdaspur,DIP - Gurdaspur
PUNJAB,HOSHIARPUR,D-DIP0000001600,https://pmksy.gov.in/mis/Uploads/2017/20171003051030123-1.pdf,03 Oct 2017,DIP - Hoshiarpur,DIP - Hoshiarpur
PUNJAB,JALANDHAR,D-DIP0000001601,https://pmksy.gov.in/mis/Uploads/2017/20171003051122087-1.pdf,03 Oct 2017,DIP - Jalandhar,DIP - Jalandhar
PUNJAB,KAPURTHALA,D-DIP0000001602,https://pmksy.gov.in/mis/Uploads/2017/20171003051211290-1.pdf,03 Oct 2017,DIP - Kapurthala,DIP - Kapurthala
PUNJAB,LUDHIANA,D-DIP0000001603,https://pmksy.gov.in/mis/Uploads/2017/20171003051300851-1.pdf,03 Oct 2017,DIP - Ludhiana,DIP - Ludhiana
PUNJAB,MANSA,D-DIP0000001604,https://pmksy.gov.in/mis/Uploads/2017/20171003051353253-1.pdf,03 Oct 2017,DIP - Mansa,DIP - Mansa
PUNJAB,MOGA,D-DIP0000001605,https://pmksy.gov.in/mis/Uploads/2017/20171003051434031-1.pdf,03 Oct 2017,DIP - Moga,DIP - Moga
PUNJAB,PATHANKOT,D-DIP0000001608,https://pmksy.gov.in/mis/Uploads/2017/20171003051809283-1.pdf,03 Oct 2017,DIP - Pathankot,DIP - Pathankot
PUNJAB,PATIALA,D-DIP0000001609,https://pmksy.gov.in/mis/Uploads/2017/20171003051903680-1.pdf,03 Oct 2017,DIP - Patiala,DIP - Patiala
PUNJAB,RUPNAGAR,D-DIP0000001610,https://pmksy.gov.in/mis/Uploads/2017/20171003051950621-1.pdf,03 Oct 2017,DIP - Ropar,DIP - Ropar
PUNJAB,S.A.S Nagar,D-DIP0000001606,https://pmksy.gov.in/mis/Uploads/2017/20171003051559411-1.pdf,03 Oct 2017,DIP -SAS Nagar,DIP - SAS Nagar
PUNJAB,SANGRUR,D-DIP0000001611,https://pmksy.gov.in/mis/Uploads/2017/20171003052036595-1.pdf,03 Oct 2017,DIP - Sangrur,DIP - Sangrur
PUNJAB,Shahid Bhagat Singh Nagar,D-DIP0000001607,https://pmksy.gov.in/mis/Uploads/2017/20171003051705275-1.pdf,03 Oct 2017,DIP - Nawanshahar (SBS Nagar),DIP - Nawanshahar (SBS Nagar)
PUNJAB,SRI MUKTSAR SAHIB,D-DIP0000001612,https://pmksy.gov.in/mis/Uploads/2017/20171003052123162-1.pdf,03 Oct 2017,DIP - Sri Mukatsar Sahib,DIP - Sri Mukatsar Sahib
PUNJAB,Tarn Taran,D-DIP0000001613,https://pmksy.gov.in/mis/Uploads/2017/20171003052218121-1.pdf,03 Oct 2017,DIP - Tarn Taran,DIP - Tarn Taran
RAJASTHAN,AJMER,D-DIP0000001285,https://pmksy.gov.in/mis/Uploads/2017/20170318032206199-1.pdf,18 Mar 2017,District Irrigation Plan,Ajmer Dist. Rajasthan
RAJASTHAN,ALWAR,D-DIP0000001617,https://pmksy.gov.in/mis/Uploads/2017/20171017103650081-1.pdf,17 Oct 2017,District Irrigation Plan,Alwar Dist. Rajasthan
RAJASTHAN,BANSWARA,D-DIP0000001462,https://pmksy.gov.in/mis/Uploads/2017/20170512024156382-1.pdf,12 May 2017,District Irrigation Plan,Banswara Dist. Rajasthan
RAJASTHAN,BARAN,D-DIP0000001490,https://pmksy.gov.in/mis/Uploads/2017/20170515052255906-1.pdf,15 May 2017,District Irrigation Plan,Baran Dist. Rajasthan
RAJASTHAN,BARMER,D-DIP0000001578,https://pmksy.gov.in/mis/Uploads/2017/20170914053957047-1.pdf,14 Sep 2017,District Irrigation Plan,Barmer Dist. Rajasthan
RAJASTHAN,BHARATPUR,D-DIP0000001652,https://pmksy.gov.in/mis/Uploads/2017/20171114125427600-1.pdf,14 Nov 2017,District Irrigation Plan,Bharatpur Dist. Rajasthan
RAJASTHAN,BHILWARA,D-DIP0000001636,https://pmksy.gov.in/mis/Uploads/2017/20171027054937601-1.pdf,27 Oct 2017,District Irrigation Plan,Bhilwara Dist. Rajasthan
RAJASTHAN,BIKANER,D-DIP0000001622,https://pmksy.gov.in/mis/Uploads/2017/20171017105254607-1.pdf,17 Oct 2017,District Irrigation Plan,Bikaner Dist.Rajasthan
RAJASTHAN,BUNDI,D-DIP0000001498,https://pmksy.gov.in/mis/Uploads/2017/20170517035141140-1.pdf,17 May 2017,District Irrigation Plan,Bundi Dist. Rajasthan
RAJASTHAN,CHITTORGARH,D-DIP0000001475,https://pmksy.gov.in/mis/Uploads/2017/20170512025810243-1.pdf,12 May 2017,District Irrigation Plan,Chittorgarh Dist. Rajasthan
RAJASTHAN,CHURU,D-DIP0000001618,https://pmksy.gov.in/mis/Uploads/2017/20171017104224001-1.pdf,17 Oct 2017,District Irrigation Plan,Churu Dist. Rajasthan
RAJASTHAN,DAUSA,D-DIP0000001650,https://pmksy.gov.in/mis/Uploads/2017/20171110035442082-1.pdf,10 Nov 2017,District Irrigation Plan,Dausa Dist. Rajasthan
RAJASTHAN,DHOLPUR,D-DIP0000001488,https://pmksy.gov.in/mis/Uploads/2017/20170515024800859-1.pdf,15 May 2017,District Irrigation Plan,Dholpur Dist. Rajasthan
RAJASTHAN,DUNGARPUR,D-DIP0000001499,https://pmksy.gov.in/mis/Uploads/2017/20170517050151253-1.pdf,17 May 2017,District Irrigation Plan,Dungarpur Dist. Rajasthan
RAJASTHAN,GANGANAGAR,D-DIP0000001619,https://pmksy.gov.in/mis/Uploads/2017/20171017104346456-1.pdf,17 Oct 2017,District Irrigation Plan,Sri Ganganagar Dist. Rajasthan
RAJASTHAN,HANUMANGARH,D-DIP0000001620,https://pmksy.gov.in/mis/Uploads/2017/20171017104534078-1.pdf,17 Oct 2017,District Irrigation Plan,Hanumangarh Dist. Rajasthan
RAJASTHAN,JAIPUR,D-DIP0000001624,https://pmksy.gov.in/mis/Uploads/2017/20171017111047579-1.pdf,17 Oct 2017,District Irrigation Plan,Jaipur Dist. Rajasthan
RAJASTHAN,JAISALMER,D-DIP0000001280,https://pmksy.gov.in/mis/Uploads/2017/20170317040834217-1.pdf,17 Mar 2017,District Irrigation Plan,Jaisalmer Dist. Rajasthan
RAJASTHAN,JALORE,D-DIP0000001625,https://pmksy.gov.in/mis/Uploads/2017/20171017111124634-1.pdf,17 Oct 2017,District Irrigation Plan,Jalore Dist. Rajasthan
RAJASTHAN,JHALAWAR,D-DIP0000001651,https://pmksy.gov.in/mis/Uploads/2017/20171114125344699-1.pdf,14 Nov 2017,District Irrigation Plan,Jhalawar Dist. Rajasthan
RAJASTHAN,JHUNJHUNU,D-DIP0000001478,https://pmksy.gov.in/mis/Uploads/2017/20170512030106258-1.pdf,12 May 2017,District Irrigation Plan,Jhunjhunu Dist. Rajasthan
RAJASTHAN,JODHPUR,D-DIP0000001648,https://pmksy.gov.in/mis/Uploads/2017/20171110033640397-1.pdf,10 Nov 2017,District Irrigation Plan,Jodhpur Dist. Rajasthan
RAJASTHAN,KARAULI,D-DIP0000001649,https://pmksy.gov.in/mis/Uploads/2017/20171110034237360-1.pdf,10 Nov 2017,District Irrigation Plan,Karauli Dist. Rajasthan
RAJASTHAN,KOTA,D-DIP0000001653,https://pmksy.gov.in/mis/Uploads/2017/20171114125503059-1.pdf,14 Nov 2017,District Irrigation Plan,Kota Dist. Rajasthan
RAJASTHAN,NAGAUR,D-DIP0000001646,https://pmksy.gov.in/mis/Uploads/2017/20171110121439428-1.pdf,10 Nov 2017,District Irrigation Plan,Nagaur Dist. Rajasthan
RAJASTHAN,PALI,D-DIP0000001626,https://pmksy.gov.in/mis/Uploads/2017/20171017111208413-1.pdf,17 Oct 2017,District Irrigation Plan,Pali Dist. Rajasthan
RAJASTHAN,PRATAPGARH,D-DIP0000001468,https://pmksy.gov.in/mis/Uploads/2017/20170512025057187-1.pdf,12 May 2017,District Irrigation Plan,Paratapgarh Dist. Rajasthan
RAJASTHAN,RAJSAMAND,D-DIP0000001635,https://pmksy.gov.in/mis/Uploads/2017/20171027054837447-1.pdf,27 Oct 2017,District Irrigation Plan,Rajsamand Dist. Rajasthan
RAJASTHAN,SAWAI MADHOPUR,D-DIP0000001627,https://pmksy.gov.in/mis/Uploads/2017/20171017111246576-1.pdf,17 Oct 2017,District Irrigation Plan,Sawai Madhopur Dist. Rajasthan
RAJASTHAN,SIKAR,D-DIP0000001628,https://pmksy.gov.in/mis/Uploads/2017/20171017111321461-1.pdf,17 Oct 2017,District Irrigation Plan,Sikar Dist. Rajasthan
RAJASTHAN,SIROHI,D-DIP0000001629,https://pmksy.gov.in/mis/Uploads/2017/20171017111431867-1.pdf,17 Oct 2017,District Irrigation Plan,Sirohi Dist. Rajasthan
RAJASTHAN,TONK,D-DIP0000001630,https://pmksy.gov.in/mis/Uploads/2017/20171017111517453-1.pdf,17 Oct 2017,District Irrigation Plan,Tonk Dist.Rajasthan
RAJASTHAN,UDAIPUR,D-DIP0000001491,https://pmksy.gov.in/mis/Uploads/2017/20170515052348990-1.pdf,15 May 2017,District Irrigation Plan,Udaipur Dist.Rajasthan
SIKKIM,Gangtok,D-DIP0000000627,https://pmksy.gov.in/mis/Uploads/2016/20161223105252150-1.pdf,23 Dec 2016,DIP -EAST DISTRICT SIKKIM,DIP -EAST DISTRICT SIKKIM
SIKKIM,Gyalshing,D-DIP0000000629,https://pmksy.gov.in/mis/Uploads/2016/20161223105252337-3.pdf,23 Dec 2016,DIP-WEST DISTRICT SIKKIM,DIP-WEST DISTRICT SIKKIM
SIKKIM,Mangan,D-DIP0000000628,https://pmksy.gov.in/mis/Uploads/2016/20161223105252274-2.pdf,23 Dec 2016,DIP -NORTH DISTRICT SIKKIM,DIP -NORTH DISTRICT SIKKIM
SIKKIM,Namchi,D-DIP0000000667,https://pmksy.gov.in/mis/Uploads/2017/20170106030839418-1.pdf,06 Jan 2017,DIP -South District Sikkim,DIP -South District Sikkim
TAMIL NADU,Ariyalur,D-DIP0000000157,https://pmksy.gov.in/mis/Uploads/2016/20160609052303638-1.pdf,09 Jun 2016,DIP-Ariyalur,DIP-Ariyalur
TAMIL NADU,COIMBATORE,D-DIP0000000166,https://pmksy.gov.in/mis/Uploads/2016/20160610052726635-1.pdf,10 Jun 2016,Coimbatore DIP,Coimbatore DIP
TAMIL NADU,CUDDALORE,D-DIP0000000192,https://pmksy.gov.in/mis/Uploads/2016/20160621025516580-1.pdf,21 Jun 2016,Cuddalore,Cuddalore
TAMIL NADU,DHARMAPURI,D-DIP0000000172,https://pmksy.gov.in/mis/Uploads/2016/20160616010455994-1.pdf,16 Jun 2016,Dharmapuri,Dharmapuri
TAMIL NADU,DINDIGUL,D-DIP0000000163,https://pmksy.gov.in/mis/Uploads/2016/20160610050332138-1.pdf,10 Jun 2016,DIp Dindigul,Dindigul DIP
TAMIL NADU,ERODE,D-DIP0000000171,https://pmksy.gov.in/mis/Uploads/2016/20160616125724463-1.pdf,16 Jun 2016,Erode,Erode
TAMIL NADU,KANCHIPURAM,D-DIP0000000175,https://pmksy.gov.in/mis/Uploads/2016/20160616012855467-1.pdf,16 Jun 2016,Kancheepuram,Kancheepuram
TAMIL NADU,KANNIYAKUMARI,D-DIP0000000217,https://pmksy.gov.in/mis/Uploads/2016/20160623012649943-1.pdf,23 Jun 2016,Kanyakumari,Kanyakumari
TAMIL NADU,KARUR,D-DIP0000000186,https://pmksy.gov.in/mis/Uploads/2016/20160621125732922-2.pdf,21 Jun 2016,Karur-DIP,Karur-DIP
TAMIL NADU,KRISHNAGIRI,D-DIP0000000177,https://pmksy.gov.in/mis/Uploads/2016/20160616025026132-1.pdf,16 Jun 2016,Krishnagiri,Krishnagiri
TAMIL NADU,MADURAI,D-DIP0000000170,https://pmksy.gov.in/mis/Uploads/2016/20160616121950411-1.pdf,16 Jun 2016,Madurai,Madurai
TAMIL NADU,NAGAPATTINAM,D-DIP0000000221,https://pmksy.gov.in/mis/Uploads/2016/20160623110632845-1.pdf,23 Jun 2016,Nagapattinam,Nagapattinam
TAMIL NADU,NAMAKKAL,D-DIP0000000182,https://pmksy.gov.in/mis/Uploads/2016/20160617053344584-1.pdf,17 Jun 2016,Namakkal,Namakkal
TAMIL NADU,PERAMBALUR,D-DIP0000000158,https://pmksy.gov.in/mis/Uploads/2016/20160609053700337-1.pdf,09 Jun 2016,DIP-Perambalur,DIP-Perambalur
TAMIL NADU,PUDUKKOTTAI,D-DIP0000000169,https://pmksy.gov.in/mis/Uploads/2016/20160613112611484-1.pdf,13 Jun 2016,Pudukkottai,Pudukkottai
TAMIL NADU,RAMANATHAPURAM,D-DIP0000000185,https://pmksy.gov.in/mis/Uploads/2016/20160621125732875-1.pdf,21 Jun 2016,Ramanathapuram DIP,Ramanathapuram DIP
TAMIL NADU,SALEM,D-DIP0000000161,https://pmksy.gov.in/mis/Uploads/2016/20160610042501895-1.pdf,10 Jun 2016,Salem DIP,Salem DIP
TAMIL NADU,SIVAGANGA,D-DIP0000000165,https://pmksy.gov.in/mis/Uploads/2016/20160610050332200-3.pdf,10 Jun 2016,DIP-Sivagangai,DIP-Sivagangai
TAMIL NADU,THANJAVUR,D-DIP0000000219,https://pmksy.gov.in/mis/Uploads/2016/20160623105612847-1.pdf,23 Jun 2016,Thanjavur,Thanjavur
TAMIL NADU,THE NILGIRIS,D-DIP0000000205,https://pmksy.gov.in/mis/Uploads/2016/20160621052258457-1.pdf,21 Jun 2016,Niligiris,Niligiris
TAMIL NADU,THENI,D-DIP0000000191,https://pmksy.gov.in/mis/Uploads/2016/20160621015339265-1.pdf,21 Jun 2016,Theni DIP,Theni DIP
TAMIL NADU,THIRUVALLUR,D-DIP0000000178,https://pmksy.gov.in/mis/Uploads/2016/20160616053148867-1.pdf,16 Jun 2016,Tiruvallur,Tiruvallur
TAMIL NADU,THIRUVARUR,D-DIP0000000220,https://pmksy.gov.in/mis/Uploads/2016/20160623105656013-1.pdf,23 Jun 2016,Thiruvarur,Thiruvarur
TAMIL NADU,TIRUCHIRAPPALLI,D-DIP0000000159,https://pmksy.gov.in/mis/Uploads/2016/20160609054248065-1.pdf,09 Jun 2016,DIP-TRICHY,DIP-TRICHY
TAMIL NADU,TIRUNELVELI,D-DIP0000000162,https://pmksy.gov.in/mis/Uploads/2016/20160610043133552-1.pdf,10 Jun 2016,Tirunelveli DIP,Tirunelveli DIP
TAMIL NADU,TIRUPPUR,D-DIP0000000203,https://pmksy.gov.in/mis/Uploads/2016/20160621043829472-1.pdf,21 Jun 2016,Tiruppur,Tiruppur
TAMIL NADU,TIRUVANNAMALAI,D-DIP0000000174,https://pmksy.gov.in/mis/Uploads/2016/20160616011913956-1.pdf,16 Jun 2016,Tiruvanamalai,Tiruvanamalai
TAMIL NADU,TUTICORIN,D-DIP0000000176,https://pmksy.gov.in/mis/Uploads/2016/20160616014237954-1.pdf,16 Jun 2016,Thoothukudi,Thoothukudi
TAMIL NADU,VELLORE,D-DIP0000000160,https://pmksy.gov.in/mis/Uploads/2016/20160610105144012-1.pdf,10 Jun 2016,DIP-Vellore,DIP-Vellore
TAMIL NADU,VILLUPURAM,D-DIP0000000164,https://pmksy.gov.in/mis/Uploads/2016/20160610050332184-2.pdf,10 Jun 2016,DIP-Viluppuram,DIP-Viluppuram
TAMIL NADU,VIRUDHUNAGAR,D-DIP0000001666,https://pmksy.gov.in/mis/Uploads/2017/20171220045434316-1.pdf,20 Dec 2017,Updated DIP Viruthunagar,Updated DIP Viruthunagar
TELANGANA,ADILABAD,D-DIP0000001711,https://pmksy.gov.in/mis/Uploads/2018/20180412033945785-1.pdf,12 Apr 2018,District Irrigation Plan,DIP of Adilabad
TELANGANA,BHADRADRI KOTHAGUDEM,D-DIP0000001809,https://pmksy.gov.in/mis/Uploads/2019/20190109040751388-1.pdf,25 Aug 2018,District Irrigation Plan,DIP of Bhadradri Kothagudem
TELANGANA,HANUMAKONDA,D-DIP0000001787,https://pmksy.gov.in/mis/Uploads/2019/20190105042622532-1.pdf,14 Sep 2018,District Irrigation Plan,DIP of Warangal Urban
TELANGANA,Jagitial,D-DIP0000001959,https://pmksy.gov.in/mis/Uploads/2020/20200529014735657-1.pdf,29 May 2020,DIP of Jagitial district,District Irrigation Plan
TELANGANA,JANGOAN,D-DIP0000001779,https://pmksy.gov.in/mis/Uploads/2019/20190105040948971-1.pdf,13 Sep 2018,District Irrigation Plan,DIP of Jangoan
TELANGANA,JAYASHANKAR BHUPALAPALLY,D-DIP0000001781,https://pmksy.gov.in/mis/Uploads/2019/20190105041746595-1.pdf,14 Sep 2018,District Irrigation Plan,DIP of Jayashankar Bhupalapally
TELANGANA,JOGULAMBA GADWAL,D-DIP0000001946,https://pmksy.gov.in/mis/Uploads/2020/20200529010218265-1.pdf,29 May 2020,DIP of Jogulamba Gadwal,District Irrigation Plan
TELANGANA,KAMAREDDY,D-DIP0000001920,https://pmksy.gov.in/mis/Uploads/2020/20200304114134127-1.pdf,04 Mar 2020,DIP of Kamareddy District,District Irrigation Plan
TELANGANA,KARIMNAGAR,D-DIP0000001961,https://pmksy.gov.in/mis/Uploads/2020/20200529015008106-1.pdf,29 May 2020,DIP of Karimnagar district,District Irrigation Plan
TELANGANA,KHAMMAM,D-DIP0000001808,https://pmksy.gov.in/mis/Uploads/2019/20190109040625448-1.pdf,25 Aug 2018,District Irrigation Plan,DIP of Khammam
TELANGANA,KUMURAM BHEEM ASIFABAD,D-DIP0000001712,https://pmksy.gov.in/mis/Uploads/2018/20180412034240632-1.pdf,12 Apr 2018,District Irrigation Plan,DIP of Komarambheem Asifabad
TELANGANA,MAHABUBABAD,D-DIP0000001783,https://pmksy.gov.in/mis/Uploads/2019/20190105041932362-1.pdf,14 Sep 2018,District Irrigation Plan,DIP of Mahabubabad
TELANGANA,MAHABUBNAGAR,D-DIP0000001948,https://pmksy.gov.in/mis/Uploads/2020/20200529010517823-1.pdf,29 May 2020,DIP of Mahabubnagar,District Irrigation Plan
TELANGANA,MANCHERIAL,D-DIP0000001713,https://pmksy.gov.in/mis/Uploads/2018/20180412034419100-1.pdf,12 Apr 2018,District Irrigation Plan,DIP of Mancherial
TELANGANA,MEDAK,D-DIP0000001794,https://pmksy.gov.in/mis/Uploads/2019/20190107120347496-1.pdf,07 Jan 2019,District Irrigation Plan,DIP of Medak
TELANGANA,MEDCHAL MALKAJGIRI,D-DIP0000001981,https://pmksy.gov.in/mis/Uploads/2020/20200602045145275-1.pdf,09 Sep 2019,DIP of Medchal District,District Irrigation Plan
TELANGANA,NAGARKURNOOL,D-DIP0000001953,https://pmksy.gov.in/mis/Uploads/2020/20200529011837269-1.pdf,29 May 2020,DIP of Nagarkurnool,District Irrigation Plan
TELANGANA,NALGONDA,D-DIP0000001968,https://pmksy.gov.in/mis/Uploads/2020/20200529020512246-1.pdf,29 May 2020,DIP of Nalgonda district,District Irrigation Plan
TELANGANA,Nirmal,D-DIP0000001714,https://pmksy.gov.in/mis/Uploads/2018/20180412034448210-1.pdf,12 Apr 2018,District Irrigation Plan,DIP of Nirmal
TELANGANA,NIZAMABAD,D-DIP0000001922,https://pmksy.gov.in/mis/Uploads/2020/20200304114416795-1.pdf,04 Mar 2020,DIP of Nizamabad District,District Irrigation Plan
TELANGANA,PEDDAPALLI,D-DIP0000001964,https://pmksy.gov.in/mis/Uploads/2020/20200529015606535-1.pdf,29 May 2020,DIP of Peddapalli district,District Irrigation Plan
TELANGANA,RAJANNA SIRCILLA,D-DIP0000001966,https://pmksy.gov.in/mis/Uploads/2020/20200529015911714-1.pdf,29 May 2020,DIP of Rajanna Sircilla district,District Irrigation Plan
TELANGANA,RANGA REDDY,D-DIP0000001983,https://pmksy.gov.in/mis/Uploads/2020/20200602045540853-1.pdf,09 Sep 2019,DIP of Rangareddy District,District Irrigation Plan
TELANGANA,SANGAREDDY,D-DIP0000001806,https://pmksy.gov.in/mis/Uploads/2019/20190109035842893-1.pdf,11 Sep 2018,District Irrigation Plan,DIP of Sangareddy
TELANGANA,SIDDIPET,D-DIP0000001807,https://pmksy.gov.in/mis/Uploads/2019/20190109040035354-1.pdf,11 Sep 2018,District Irrigation Plan,DIP of Siddipet
TELANGANA,SURYAPET,D-DIP0000001971,https://pmksy.gov.in/mis/Uploads/2020/20200529020755856-1.pdf,29 May 2020,DIP of Suryapet district,District Irrigation Plan
TELANGANA,VIKARABAD,D-DIP0000001987,https://pmksy.gov.in/mis/Uploads/2020/20200603012414766-1.pdf,09 Sep 2019,DIP of Vikarabad,District Irrigation Plan
TELANGANA,WANAPARTHY,D-DIP0000001955,https://pmksy.gov.in/mis/Uploads/2020/20200529012228869-1.pdf,29 May 2020,DIP of Wanaparthy District,District Irrigation Plan
TELANGANA,WARANGAL,D-DIP0000001785,https://pmksy.gov.in/mis/Uploads/2019/20190105042232963-1.pdf,14 Sep 2018,District Irrigation Plan,DIP of Warangal Rural
TELANGANA,YADADRI BHUVANAGIRI,D-DIP0000001973,https://pmksy.gov.in/mis/Uploads/2020/20200529020934106-1.pdf,29 May 2020,DIP of Yadadri district,District Irrigation Plan
TRIPURA,Dhalai,D-DIP0000000399,https://pmksy.gov.in/mis/Uploads/2016/20160822105416597-1.pdf,22 Aug 2016,DIP-Dhalai District,Dhalai District
TRIPURA,Gomati,D-DIP0000000705,https://pmksy.gov.in/mis/Uploads/2017/20170124053046698-1.pdf,24 Jan 2017,DIP- Gomati,District Irrigation Plan
TRIPURA,Khowai,D-DIP0000000417,https://pmksy.gov.in/mis/Uploads/2016/20160903040654977-1.pdf,03 Sep 2016,DIP-Khowai District,KHOWAI DISTRICT
TRIPURA,North Tripura,D-DIP0000000303,https://pmksy.gov.in/mis/Uploads/2016/20160725033615834-1.pdf,25 Jul 2016,TRIPURA  North,DIP North District
TRIPURA,Sepahijala,D-DIP0000000305,https://pmksy.gov.in/mis/Uploads/2016/20160725035545238-1.pdf,25 Jul 2016,TRIPURA- Sepahijala,DIP- Sepahijala
TRIPURA,South Tripura,D-DIP0000000418,https://pmksy.gov.in/mis/Uploads/2016/20160903040812540-1.pdf,03 Sep 2016,DIP- South District,SOUTH DISTRICT
TRIPURA,Unakoti,D-DIP0000000435,https://pmksy.gov.in/mis/Uploads/2016/20160906104159380-1.pdf,06 Sep 2016,DIP-Unakoti,UNAKOTI DISTRICT
TRIPURA,West Tripura,D-DIP0000000304,https://pmksy.gov.in/mis/Uploads/2016/20160725034804596-1.pdf,25 Jul 2016,TRIPURA-West,DIP West Tripura
UTTAR PRADESH,AGRA,D-DIP0000000350,https://pmksy.gov.in/mis/Uploads/2016/20160812111151118-1.pdf,12 Aug 2016,DIP OF,agra
UTTAR PRADESH,ALIGARH,D-DIP0000000348,https://pmksy.gov.in/mis/Uploads/2016/20160811030517805-1.pdf,11 Aug 2016,DIP OF,aligarh
UTTAR PRADESH,AMBEDKAR NAGAR,D-DIP0000000459,https://pmksy.gov.in/mis/Uploads/2016/20160915015351530-1.pdf,15 Sep 2016,DIP OF,Ambedkar nagar
UTTAR PRADESH,Amethi,D-DIP0000000479,https://pmksy.gov.in/mis/Uploads/2016/20160926114638432-1.pdf,26 Sep 2016,DIP OF,Amethi
UTTAR PRADESH,AMROHA,D-DIP0000000310,https://pmksy.gov.in/mis/Uploads/2016/20160808051935857-1.pdf,08 Aug 2016,DIP OF,AMROHA UP
UTTAR PRADESH,AURAIYA,D-DIP0000000429,https://pmksy.gov.in/mis/Uploads/2016/20160905030456943-1.pdf,05 Sep 2016,DIP OF,Auraiya
UTTAR PRADESH,AYODHYA,D-DIP0000000349,https://pmksy.gov.in/mis/Uploads/2016/20160811040336172-1.pdf,11 Aug 2016,DIP OF,Faizabad
UTTAR PRADESH,AZAMGARH,D-DIP0000000490,https://pmksy.gov.in/mis/Uploads/2016/20160929021113501-1.pdf,29 Sep 2016,DIP OF,Azamgarh
UTTAR PRADESH,BAGHPAT,D-DIP0000000400,https://pmksy.gov.in/mis/Uploads/2016/20160822033916608-1.pdf,22 Aug 2016,DIP OF,Baghpat
UTTAR PRADESH,BAHRAICH,D-DIP0000000319,https://pmksy.gov.in/mis/Uploads/2016/20160808053645531-1.pdf,08 Aug 2016,DIP OF,BAHRICH
UTTAR PRADESH,BALLIA,D-DIP0000000341,https://pmksy.gov.in/mis/Uploads/2016/20160809020111901-1.pdf,09 Aug 2016,DIP OF,ballia
UTTAR PRADESH,BALRAMPUR,D-DIP0000000342,https://pmksy.gov.in/mis/Uploads/2016/20160809021102979-1.pdf,09 Aug 2016,DIP OF,balrampur
UTTAR PRADESH,BANDA,D-DIP0000000321,https://pmksy.gov.in/mis/Uploads/2016/20160808055409199-1.pdf,08 Aug 2016,DIP OF,banda
UTTAR PRADESH,BARABANKI,D-DIP0000000515,https://pmksy.gov.in/mis/Uploads/2016/20161008023339476-1.pdf,08 Oct 2016,DIP OF,Barabanki
UTTAR PRADESH,BAREILLY,D-DIP0000000430,https://pmksy.gov.in/mis/Uploads/2016/20160905033849881-1.pdf,05 Sep 2016,DIP OF,Bareilly
UTTAR PRADESH,BASTI,D-DIP0000000483,https://pmksy.gov.in/mis/Uploads/2016/20160926115321392-1.pdf,26 Sep 2016,DIP OF,Basti
UTTAR PRADESH,BHADOHI,D-DIP0000000491,https://pmksy.gov.in/mis/Uploads/2016/20160929021158852-1.pdf,29 Sep 2016,DIP OF,Bhadohi
UTTAR PRADESH,BIJNOR,D-DIP0000000345,https://pmksy.gov.in/mis/Uploads/2016/20160809022516734-1.pdf,09 Aug 2016,DIP OF,bijnor
UTTAR PRADESH,BUDAUN,D-DIP0000000314,https://pmksy.gov.in/mis/Uploads/2016/20160808052401528-1.pdf,08 Aug 2016,DIP OF,BADAYUN
UTTAR PRADESH,BULANDSHAHR,D-DIP0000000347,https://pmksy.gov.in/mis/Uploads/2016/20160811112901577-1.pdf,11 Aug 2016,DIP OF,Bulandshahr
UTTAR PRADESH,CHANDAULI,D-DIP0000000482,https://pmksy.gov.in/mis/Uploads/2016/20160926115201412-1.pdf,26 Sep 2016,DIP OF,Chandauli
UTTAR PRADESH,CHITRAKOOT,D-DIP0000000344,https://pmksy.gov.in/mis/Uploads/2016/20160809022337735-1.pdf,09 Aug 2016,DIP OF,chitrakoot
UTTAR PRADESH,DEORIA,D-DIP0000000316,https://pmksy.gov.in/mis/Uploads/2016/20160808052806576-1.pdf,08 Aug 2016,DIP OF,DEORIA
UTTAR PRADESH,ETAH,D-DIP0000000322,https://pmksy.gov.in/mis/Uploads/2016/20160808060050778-1.pdf,08 Aug 2016,DIP OF,etah
UTTAR PRADESH,ETAWAH,D-DIP0000000395,https://pmksy.gov.in/mis/Uploads/2016/20160817024125335-1.pdf,17 Aug 2016,DIP OF,etawah
UTTAR PRADESH,FARRUKHABAD,D-DIP0000000489,https://pmksy.gov.in/mis/Uploads/2016/20160928125913284-1.pdf,28 Sep 2016,DIP OF,Farukhabad
UTTAR PRADESH,FATEHPUR,D-DIP0000000323,https://pmksy.gov.in/mis/Uploads/2016/20160808060144599-1.pdf,08 Aug 2016,DIP OF,fatehpur
UTTAR PRADESH,FIROZABAD,D-DIP0000000493,https://pmksy.gov.in/mis/Uploads/2016/20160930030012913-1.pdf,30 Sep 2016,DIP OF,Firozabad
UTTAR PRADESH,GAUTAM BUDDHA NAGAR,D-DIP0000000547,https://pmksy.gov.in/mis/Uploads/2016/20161124024700915-1.pdf,24 Nov 2016,DIP OF,GB nagar
UTTAR PRADESH,GHAZIABAD,D-DIP0000000456,https://pmksy.gov.in/mis/Uploads/2016/20160914030624641-1.pdf,14 Sep 2016,DIP OF,Gaziabad
UTTAR PRADESH,GHAZIPUR,D-DIP0000000339,https://pmksy.gov.in/mis/Uploads/2016/20160808063928169-1.pdf,08 Aug 2016,DIP OF,ghazipur
UTTAR PRADESH,GONDA,D-DIP0000000396,https://pmksy.gov.in/mis/Uploads/2016/20160817024235863-1.pdf,17 Aug 2016,DIP OF,gonda
UTTAR PRADESH,GORAKHPUR,D-DIP0000000426,https://pmksy.gov.in/mis/Uploads/2016/20160905030213048-1.pdf,05 Sep 2016,DIP OF,Gorakhpur
UTTAR PRADESH,HAMIRPUR,D-DIP0000000324,https://pmksy.gov.in/mis/Uploads/2016/20160808060253146-1.pdf,08 Aug 2016,DIP OF,hamirpur
UTTAR PRADESH,HAPUR,D-DIP0000000480,https://pmksy.gov.in/mis/Uploads/2016/20160926114841031-1.pdf,26 Sep 2016,DIP OF,Hapur
UTTAR PRADESH,HARDOI,D-DIP0000000463,https://pmksy.gov.in/mis/Uploads/2016/20160915022753648-1.pdf,15 Sep 2016,DIP OF,HARDOI
UTTAR PRADESH,HATHRAS,D-DIP0000000484,https://pmksy.gov.in/mis/Uploads/2016/20160926115456177-1.pdf,26 Sep 2016,DIP OF,Hathras
UTTAR PRADESH,JALAUN,D-DIP0000000346,https://pmksy.gov.in/mis/Uploads/2016/20160809063644132-1.pdf,09 Aug 2016,DIP OF,JALUN
UTTAR PRADESH,JAUNPUR,D-DIP0000000458,https://pmksy.gov.in/mis/Uploads/2016/20160915015256946-1.pdf,15 Sep 2016,DIP OF,Jaunpur
UTTAR PRADESH,JHANSI,D-DIP0000000394,https://pmksy.gov.in/mis/Uploads/2016/20160817021417802-1.pdf,17 Aug 2016,DIP OF,Jhansi
UTTAR PRADESH,KANNAUJ,D-DIP0000000325,https://pmksy.gov.in/mis/Uploads/2016/20160808060340727-1.pdf,08 Aug 2016,DIP OF,kanauj
UTTAR PRADESH,KANPUR DEHAT,D-DIP0000000431,https://pmksy.gov.in/mis/Uploads/2016/20160905034124290-1.pdf,05 Sep 2016,DIP OF,kanpur dehit
UTTAR PRADESH,KANPUR NAGAR,D-DIP0000000343,https://pmksy.gov.in/mis/Uploads/2016/20160809021304583-1.pdf,09 Aug 2016,DIP OF,kanpur nagar
UTTAR PRADESH,Kasganj,D-DIP0000000326,https://pmksy.gov.in/mis/Uploads/2016/20160808060420585-1.pdf,08 Aug 2016,DIP OF,kashganj
UTTAR PRADESH,KAUSHAMBI,D-DIP0000000514,https://pmksy.gov.in/mis/Uploads/2016/20161008023240101-1.pdf,08 Oct 2016,DIP OF,Kushambi
UTTAR PRADESH,KHERI,D-DIP0000000328,https://pmksy.gov.in/mis/Uploads/2016/20160808062217746-1.pdf,08 Aug 2016,DIP OF,lakhimpur kheri
UTTAR PRADESH,KUSHI NAGAR,D-DIP0000000327,https://pmksy.gov.in/mis/Uploads/2016/20160808062127093-1.pdf,08 Aug 2016,DIP OF,kushinagar
UTTAR PRADESH,LALITPUR,D-DIP0000000329,https://pmksy.gov.in/mis/Uploads/2016/20160808062336683-1.pdf,08 Aug 2016,DIP OF,lalitpur
UTTAR PRADESH,LUCKNOW,D-DIP0000000401,https://pmksy.gov.in/mis/Uploads/2016/20160822043542716-1.pdf,22 Aug 2016,DIP OF,Lucknow
UTTAR PRADESH,MAHARAJGANJ,D-DIP0000000488,https://pmksy.gov.in/mis/Uploads/2016/20160926121251710-1.pdf,26 Sep 2016,DIP OF,Maharajganj
UTTAR PRADESH,MAHOBA,D-DIP0000000330,https://pmksy.gov.in/mis/Uploads/2016/20160808062430130-1.pdf,08 Aug 2016,DIP OF,mahoba
UTTAR PRADESH,MAINPURI,D-DIP0000000427,https://pmksy.gov.in/mis/Uploads/2016/20160905030314559-1.pdf,05 Sep 2016,DIP OF,mainpuri
UTTAR PRADESH,MATHURA,D-DIP0000000354,https://pmksy.gov.in/mis/Uploads/2016/20160812022245067-1.pdf,12 Aug 2016,DIP OF,mathura
UTTAR PRADESH,MAU,D-DIP0000000340,https://pmksy.gov.in/mis/Uploads/2016/20160809120211745-1.pdf,09 Aug 2016,DIP OF,mou
UTTAR PRADESH,MEERUT,D-DIP0000000492,https://pmksy.gov.in/mis/Uploads/2016/20160929021256979-1.pdf,29 Sep 2016,DIP OF,Meerut
UTTAR PRADESH,MIRZAPUR,D-DIP0000000457,https://pmksy.gov.in/mis/Uploads/2016/20160914031009715-1.pdf,14 Sep 2016,DIP OF,mirzapur
UTTAR PRADESH,MORADABAD,D-DIP0000000462,https://pmksy.gov.in/mis/Uploads/2016/20160915021142469-1.pdf,15 Sep 2016,DIP OF,Moradabad
UTTAR PRADESH,MUZAFFARNAGAR,D-DIP0000000481,https://pmksy.gov.in/mis/Uploads/2016/20160926115003664-1.pdf,26 Sep 2016,DIP OF,Muzaffarnagar
UTTAR PRADESH,PILIBHIT,D-DIP0000000331,https://pmksy.gov.in/mis/Uploads/2016/20160808062524481-1.pdf,08 Aug 2016,DIP OF,pilibhit
UTTAR PRADESH,PRATAPGARH,D-DIP0000000428,https://pmksy.gov.in/mis/Uploads/2016/20160905030353232-1.pdf,05 Sep 2016,DIP OF,Pratapgarh
UTTAR PRADESH,PRAYAGRAJ,D-DIP0000000309,https://pmksy.gov.in/mis/Uploads/2016/20160808051650292-1.pdf,08 Aug 2016,DIP OF,ALLAHABAD UP
UTTAR PRADESH,RAE BARELI,D-DIP0000000461,https://pmksy.gov.in/mis/Uploads/2016/20160915020842354-1.pdf,15 Sep 2016,DIP OF,Raibareily
UTTAR PRADESH,RAMPUR,D-DIP0000000452,https://pmksy.gov.in/mis/Uploads/2016/20160909122011289-1.pdf,09 Sep 2016,DIP OF,rampur
UTTAR PRADESH,SAHARANPUR,D-DIP0000000486,https://pmksy.gov.in/mis/Uploads/2016/20160926115830847-1.pdf,26 Sep 2016,DIP OF,Saharanpur
UTTAR PRADESH,SAMBHAL,D-DIP0000000332,https://pmksy.gov.in/mis/Uploads/2016/20160808062615088-1.pdf,08 Aug 2016,DIP OF,sambhal
UTTAR PRADESH,SANT KABEER NAGAR,D-DIP0000000487,https://pmksy.gov.in/mis/Uploads/2016/20160926120125674-1.pdf,26 Sep 2016,DIP OF,Santkabir nagar
UTTAR PRADESH,SHAHJAHANPUR,D-DIP0000000548,https://pmksy.gov.in/mis/Uploads/2016/20161124030340830-1.pdf,24 Nov 2016,DIP OF,sahajahanpur
UTTAR PRADESH,SHAMLI,D-DIP0000000333,https://pmksy.gov.in/mis/Uploads/2016/20160808062654447-1.pdf,08 Aug 2016,DIP OF,shamli
UTTAR PRADESH,SHRAVASTI,D-DIP0000000526,https://pmksy.gov.in/mis/Uploads/2016/20161024024718282-1.pdf,24 Oct 2016,DIP OF,Sravasti
UTTAR PRADESH,SIDDHARTH NAGAR,D-DIP0000000334,https://pmksy.gov.in/mis/Uploads/2016/20160808062739282-1.pdf,08 Aug 2016,DIP OF,siddhartha nagar
UTTAR PRADESH,SITAPUR,D-DIP0000000460,https://pmksy.gov.in/mis/Uploads/2016/20160915015749098-1.pdf,15 Sep 2016,DIP OF,Sitapur
UTTAR PRADESH,SONBHADRA,D-DIP0000000335,https://pmksy.gov.in/mis/Uploads/2016/20160808062832915-1.pdf,08 Aug 2016,DIP OF,sonbhadra
UTTAR PRADESH,SULTANPUR,D-DIP0000000336,https://pmksy.gov.in/mis/Uploads/2016/20160808062917204-1.pdf,08 Aug 2016,DIP OF,sultanpur
UTTAR PRADESH,UNNAO,D-DIP0000000337,https://pmksy.gov.in/mis/Uploads/2016/20160808063715942-1.pdf,08 Aug 2016,DIP OF,unnao
UTTAR PRADESH,VARANASI,D-DIP0000000338,https://pmksy.gov.in/mis/Uploads/2016/20160808063752338-1.pdf,08 Aug 2016,DIP OF,varanasi
UTTARAKHAND,ALMORA,D-DIP0000000660,https://pmksy.gov.in/mis/Uploads/2016/20161228115455106-1.pdf,28 Dec 2016,PMKSY DIP ALMORA,
UTTARAKHAND,BAGESHWAR,D-DIP0000000551,https://pmksy.gov.in/mis/Uploads/2016/20161126035403880-1.pdf,26 Nov 2016,DIP-BAGESHWAR,DISTRICT IRRIGATION PLAN
UTTARAKHAND,CHAMOLI,D-DIP0000000647,https://pmksy.gov.in/mis/Uploads/2016/20161227045732890-1.pdf,27 Nov 2016,District Irrigation plan Chamoli,District Irrigation plan Chamoli
UTTARAKHAND,CHAMPAWAT,D-DIP0000000566,https://pmksy.gov.in/mis/Uploads/2016/20161130032114825-1.pdf,30 Nov 2016,DIP CHAMPAWAT,District Irrigation Plan
UTTARAKHAND,DEHRADUN,D-DIP0000000882,https://pmksy.gov.in/mis/Uploads/2017/20170208125914617-1.pdf,08 Feb 2017,PMKSY DIP,PMKSY DIP Dehradun
UTTARAKHAND,HARIDWAR,D-DIP0000000545,https://pmksy.gov.in/mis/Uploads/2016/20161124122007791-1.pdf,02 Sep 2016,DIP Haridwar,District Irrigation Plan haridwar uttarakhand
UTTARAKHAND,NAINITAL,D-DIP0000000564,https://pmksy.gov.in/mis/Uploads/2016/20161130031613241-1.pdf,30 Nov 2016,DIP NAINITAL,District Irrigation Plan Nainital
UTTARAKHAND,PAURI GARHWAL,D-DIP0000000693,https://pmksy.gov.in/mis/Uploads/2017/20170117112900318-1.pdf,17 Jan 2017,DIP,District Irrigation Plan
UTTARAKHAND,PITHORAGARH,D-DIP0000000661,https://pmksy.gov.in/mis/Uploads/2016/20161228021913271-1.pdf,28 Dec 2016,DIP Pithoragarh,District Irrigation Plan PITHORAGARH
UTTARAKHAND,RUDRA PRAYAG,D-DIP0000000560,https://pmksy.gov.in/mis/Uploads/2016/20161129030733916-4.pdf,29 Nov 2016,Strategic Action plan,Tables 5.1 To 5.2 Filled With Data
UTTARAKHAND,TEHRI GARHWAL,D-DIP0000000556,https://pmksy.gov.in/mis/Uploads/2016/20161129020556776-1.pdf,29 Nov 2016,DIP Tehri Garhwal,District Irrigation Plan
UTTARAKHAND,UDAM SINGH NAGAR,D-DIP0000000593,https://pmksy.gov.in/mis/Uploads/2016/20161215124601687-1.pdf,15 Dec 2016,DIP US NAGAR,District Irrigation Plan
UTTARAKHAND,UTTAR KASHI,D-DIP0000000642,https://pmksy.gov.in/mis/Uploads/2016/20161226041440702-1.pdf,26 Dec 2016,DIP Uttarkashi,Strategic Action Plan
WEST BENGAL,24 PARAGANAS NORTH,D-DIP0000000577,https://pmksy.gov.in/mis/Uploads/2016/20161206011040799-1.pdf,06 Dec 2016,DIP-North 24 Pgs District-WB,District Irrigation Plan
WEST BENGAL,24 PARAGANAS SOUTH,D-DIP0000000589,https://pmksy.gov.in/mis/Uploads/2016/20161209031325306-1.pdf,09 Dec 2016,DIP-South 24 Parganas district-WB,District Irrigation Plan
WEST BENGAL,Alipurduar,D-DIP0000000588,https://pmksy.gov.in/mis/Uploads/2016/20161209012440196-1.pdf,09 Dec 2016,DIP-Alipurduar district-WB,District Irrigation Plan
WEST BENGAL,BANKURA,D-DIP0000000407,https://pmksy.gov.in/mis/Uploads/2016/20160830045048726-1.pdf,30 Aug 2016,DIP-Bankura district,District Irrigation Plan 2016-2021
WEST BENGAL,BIRBHUM,D-DIP0000000587,https://pmksy.gov.in/mis/Uploads/2016/20161209011151789-1.pdf,09 Dec 2016,DIP-Birbhum district-WB,District Irrigation Plan
WEST BENGAL,COOCHBEHAR,D-DIP0000000408,https://pmksy.gov.in/mis/Uploads/2016/20160830052903104-1.pdf,30 Aug 2016,DIP-Coochbehar district,District Irrigation Plan 2016-2021
WEST BENGAL,DARJEELING,D-DIP0000000570,https://pmksy.gov.in/mis/Uploads/2016/20161130042737730-1.pdf,30 Nov 2016,DIP-Darjeeling District-WB,District Irrigation Plan
WEST BENGAL,DINAJPUR DAKSHIN,D-DIP0000000532,https://pmksy.gov.in/mis/Uploads/2016/20161027015938282-1.pdf,27 Oct 2016,DIP-Dakshin Dinajpur district,District Irrigation Plan 2016-2021
WEST BENGAL,DINAJPUR UTTAR,D-DIP0000000434,https://pmksy.gov.in/mis/Uploads/2016/20160906123759219-1.pdf,05 Sep 2016,DIP-Uttar Dinajpur district,District Irrigation Plan-2016-2021
WEST BENGAL,HOOGHLY,D-DIP0000000571,https://pmksy.gov.in/mis/Uploads/2016/20161202030421636-1.pdf,02 Dec 2016,DIP-Hooghly district-WB,District Irrigation Plan
WEST BENGAL,HOWRAH,D-DIP0000000433,https://pmksy.gov.in/mis/Uploads/2016/20160905062158142-1.pdf,05 Sep 2016,DIP-Howrah district,District Irrigation Plan 2016-2021
WEST BENGAL,JALPAIGURI,D-DIP0000000406,https://pmksy.gov.in/mis/Uploads/2016/20160830035851970-1.pdf,30 Aug 2016,DIP-Jalpaiguri district,District Irrigation Plan 2016-2021
WEST BENGAL,MALDAH,D-DIP0000000533,https://pmksy.gov.in/mis/Uploads/2016/20161027020711060-1.pdf,27 Oct 2016,DIP-Malda district,District Irrigation Plan 2016-2021
WEST BENGAL,MEDINIPUR EAST,D-DIP0000000591,https://pmksy.gov.in/mis/Uploads/2016/20161209034615106-1.pdf,09 Dec 2016,DIP-Purba Medinipur district-WB,District Irrigation Plan
WEST BENGAL,MEDINIPUR WEST,D-DIP0000000590,https://pmksy.gov.in/mis/Uploads/2016/20161209034245298-1.pdf,09 Dec 2016,DIP-Paschim Medinipur district-WB,District Irrigation Plan
WEST BENGAL,MURSHIDABAD,D-DIP0000000574,https://pmksy.gov.in/mis/Uploads/2016/20161205012119470-1.pdf,05 Dec 2016,DIP-Murshidabad-WB,District Irrigation Plan
WEST BENGAL,NADIA,D-DIP0000000592,https://pmksy.gov.in/mis/Uploads/2016/20161211082837353-1.pdf,11 Dec 2016,DIP-Nadia district-WB,District Irrigation Plan
WEST BENGAL,PURBA BARDHAMAN,D-DIP0000000513,https://pmksy.gov.in/mis/Uploads/2016/20161005120438869-1.pdf,05 Oct 2016,DIP-Burdwan district,District Irrigation Plan 2016-2021
WEST BENGAL,PURULIA,D-DIP0000000575,https://pmksy.gov.in/mis/Uploads/2016/20161205030245448-1.pdf,05 Dec 2016,DIP-Purulia-WB,District Irrigation Plan
